timestamp,price,size,side,trade_id,exchange_timestamp
1756673126.7427604,0.33408,230.0,buy,200724555305674,1756673095547
1756673126.7427604,0.33409,184.0,buy,80941937233946,1756673095547
1756673126.7427604,0.33265,116.0,sell,1031734861214615,1756673095963
1756673126.7427604,0.33263,687.0,sell,709402766654160,1756673095963
1756673126.7427604,0.33314,343.0,buy,714580888593938,1756673096033
1756673126.7427604,0.33312,936.0,buy,964284377318383,1756673097975
1756673126.7427604,0.33266,37.0,sell,297355998238492,1756673098026
1756673126.7427604,0.33271,104.0,sell,582936665806742,1756673103030
1756673126.7427604,0.33312,61.0,buy,106355049074237,1756673104047
1756673126.7427604,0.33312,72.0,buy,1015137673031249,1756673104047
1756673126.7427604,0.33312,196.0,buy,503471577351435,1756673104047
1756673126.7427604,0.33282,343.0,sell,869823715996841,1756673109046
1756673126.7427604,0.33281,31.0,sell,870711864458401,1756673109046
1756673126.7427604,0.33339,84.0,buy,194511662686359,1756673109046
1756673126.7427604,0.33285,38.0,sell,755187556926179,1756673110859
1756673126.7427604,0.33333,31.0,buy,880053351981736,1756673112024
1756673126.7427604,0.33334,81.0,buy,720831002074844,1756673112024
1756673126.7427604,0.33285,80.0,sell,193807065068990,1756673112024
1756673126.7427604,0.33277,55.0,sell,586815805746538,1756673112024
1756673126.7427604,0.33277,48.0,sell,50988824680648,1756673112024
1756673126.7427604,0.33274,25.0,sell,582493893160796,1756673112024
1756673126.7427604,0.33275,534.0,sell,241615962280707,1756673114338
1756673126.7427604,0.33274,48.0,sell,1048417419446405,1756673114338
1756673126.7427604,0.3325,37.0,sell,119412458829280,1756673119053
1756673126.7427604,0.33238,97.0,sell,257345680650173,1756673120115
1756673126.7427604,0.33238,15.0,sell,103230886524777,1756673120115
1756673126.7427604,0.3323,122.0,sell,933239136281689,1756673120115
1756673126.7427604,0.3323,37.0,sell,68436613152880,1756673121028
1756673126.7427604,0.3323,90.0,sell,78018160427463,1756673122047
1756673126.7427604,0.33307,304.0,buy,584302762423153,1756673123053
1756673126.7469072,0.33226,241.0,buy,994626836467777,1756673126089
1756673132.6497724,0.33193,293.0,buy,918832478462166,1756673132100
1756673132.6497724,0.33194,529.0,buy,289956507526938,1756673132100
1756673133.5305986,0.33169,104.0,sell,817371450656960,1756673133010
1756673134.0713468,0.3317,68.0,sell,468002947941109,1756673133583
1756673134.5058844,0.3317,411.0,buy,209313963135816,1756673134021
1756673134.5058844,0.3317,977.0,buy,600473674995824,1756673134021
1756673134.6456501,0.33169,8.0,sell,489175727370318,1756673134110
1756673134.6456501,0.33169,1926.0,sell,238364472527333,1756673134110
1756673134.6456501,0.33161,4499.0,sell,578255051212984,1756673134110
1756673134.6456501,0.33157,112.0,sell,358997401700789,1756673134110
1756673134.6456501,0.33142,226.0,sell,1077252760289664,1756673134110
1756673134.6456501,0.33139,226.0,sell,908630804860073,1756673134110
1756673134.6456501,0.33138,226.0,sell,492219087247730,1756673134110
1756673134.6456501,0.33135,226.0,sell,892009823205559,1756673134110
1756673134.6456501,0.33133,225.0,sell,240709565134748,1756673134110
1756673134.6456501,0.3313,225.0,sell,353969752201064,1756673134110
1756673134.6456501,0.33127,4499.0,sell,307785920152710,1756673134110
1756673134.6456501,0.33127,225.0,sell,108497285862426,1756673134110
1756673134.6456501,0.33124,225.0,sell,95387763457027,1756673134110
1756673134.6456501,0.33121,225.0,sell,632864543150872,1756673134110
1756673134.6456501,0.33119,225.0,sell,815289603033151,1756673134110
1756673134.6456501,0.33118,225.0,sell,1049758891814872,1756673134110
1756673134.6456501,0.33115,225.0,sell,755349939478988,1756673134110
1756673134.6456501,0.33112,225.0,sell,147355908236185,1756673134110
1756673134.6456501,0.33111,3992.0,sell,188422691917237,1756673134110
1756673134.6456501,0.33109,225.0,sell,717977205385831,1756673134110
1756673134.6456501,0.33109,1273.0,sell,456724975783470,1756673134110
1756673134.6456501,0.33106,225.0,sell,836253750897373,1756673134110
1756673134.6456501,0.33103,225.0,sell,815857512102093,1756673134110
1756673134.6456501,0.33102,225.0,sell,801604653636302,1756673134110
1756673134.6456501,0.33099,225.0,sell,476800994074783,1756673134110
1756673134.6456501,0.33099,560.0,sell,393978061612952,1756673134110
1756673135.4062192,0.33136,37.0,sell,1090425156381809,1756673134916
1756673136.094605,0.33167,3395.0,buy,132078752510627,1756673135601
1756673136.3505185,0.3321,68.0,buy,708457520544403,1756673135801
1756673136.3505185,0.33211,912.0,buy,247689796760134,1756673135801
1756673136.3505185,0.33101,4079.0,sell,512920656501795,1756673135801
1756673136.3505185,0.331,124.0,sell,857711892813157,1756673135801
1756673136.8704104,0.33101,1245.0,sell,608469813075295,1756673136311
1756673136.8704104,0.33101,2958.0,sell,63091112287080,1756673136311
1756673137.3241236,0.33102,78.0,sell,456159899471131,1756673136785
1756673139.54007,0.33102,89.0,sell,577282391545943,1756673139015
1756673139.54007,0.33102,311.0,sell,55307181009316,1756673139015
1756673140.6464944,0.33206,83.0,buy,489713364940421,1756673140030
1756673141.6553829,0.33202,978.0,buy,313216800207289,1756673141153
1756673142.5097413,0.33201,99.0,buy,697632821849455,1756673142016
1756673142.5097413,0.33105,184.0,sell,266738112653344,1756673142016
1756673144.7169836,0.33196,979.0,buy,83966907765886,1756673144263
1756673148.3168254,0.33186,979.0,buy,130687948375701,1756673147741
1756673149.6410055,0.33114,37.0,sell,166263478571517,1756673149048
1756673150.8840716,0.33115,97.0,sell,730422446493518,1756673150065
1756673151.579402,0.33132,78.0,sell,236423732808035,1756673151001
1756673152.4239156,0.33183,455.0,buy,337610372774060,1756673151872
1756673152.4239156,0.33183,525.0,buy,387658206370028,1756673151872
1756673152.6290445,0.33133,91.0,sell,449007291732876,1756673152025
1756673152.6290445,0.33133,1232.0,sell,226134185524554,1756673152025
1756673152.6290445,0.33117,189.0,sell,858912770101331,1756673152025
1756673152.6290445,0.331,1000.0,sell,127773611854511,1756673152025
1756673152.9723396,0.331,138.0,sell,1105902653032489,1756673152412
1756673152.9723396,0.33096,220.0,sell,604738936942882,1756673152412
1756673152.9723396,0.33093,220.0,sell,911665110066342,1756673152412
1756673152.9723396,0.3309,2990.0,sell,994703321280699,1756673152412
1756673152.9723396,0.33089,2170.0,sell,912111010859583,1756673152412
1756673152.9723396,0.33089,221.0,sell,79417657537580,1756673152412
1756673152.9723396,0.33086,221.0,sell,693912950835702,1756673152412
1756673152.9723396,0.33083,221.0,sell,753153095726294,1756673152412
1756673152.9723396,0.33081,220.0,sell,74602485746018,1756673152412
1756673152.9723396,0.33078,221.0,sell,645794793853837,1756673152412
1756673152.9723396,0.33075,226.0,sell,34302555964698,1756673152412
1756673152.9723396,0.33072,226.0,sell,251321385074291,1756673152412
1756673152.9723396,0.33072,1017.0,sell,1103698393378270,1756673152412
1756673153.5235817,0.33181,303.0,buy,660402486419291,1756673153012
1756673156.5223165,0.33174,91.0,buy,178150900391577,1756673156046
1756673156.5223165,0.33232,217.0,buy,713764542670502,1756673156046
1756673156.5702958,0.3323,978.0,buy,289200522679911,1756673156102
1756673158.0218594,0.33228,504.0,buy,235928207089370,1756673157511
1756673158.0218594,0.33228,473.0,buy,151560903367405,1756673157511
1756673158.5525138,0.33159,37.0,sell,795570320752384,1756673158055
1756673162.9822807,0.33266,843.0,buy,842205802201792,1756673162496
1756673163.6005154,0.33167,104.0,sell,530053521432212,1756673163054
1756673164.5837235,0.33218,134.0,buy,833295017900265,1756673164003
1756673164.5837235,0.33265,163.0,buy,653992935934144,1756673164003
1756673165.0448036,0.33263,1072.0,buy,472429540445793,1756673164410
1756673169.0662227,0.33266,241.0,buy,738822166489716,1756673168570
1756673169.0662227,0.33302,736.0,buy,131773248297946,1756673168570
1756673169.6626854,0.33222,374.0,sell,247764370897974,1756673169057
1756673169.6626854,0.33301,83.0,buy,754485258584958,1756673169057
1756673172.7214732,0.33295,103.0,buy,554993434420098,1756673172052
1756673172.7214732,0.33229,193.0,sell,1077104382860231,1756673172052
1756673177.241091,0.3331,355.0,buy,590153434622590,1756673176779
1756673178.764998,0.33308,976.0,buy,758121768853058,1756673178275
1756673179.660562,0.33245,37.0,sell,589315584326382,1756673179068
1756673180.6255863,0.33247,98.0,sell,1045877640803940,1756673180072
1756673180.8182404,0.33303,212.0,buy,33107335192339,1756673180299
1756673180.8182404,0.33344,763.0,buy,1079093005009112,1756673180299
1756673181.51057,0.33291,119.0,sell,574652659573556,1756673181002
1756673181.51057,0.33291,37.0,sell,291669932961015,1756673181002
1756673182.6091433,0.33294,90.0,sell,940588670177512,1756673182008
1756673183.0911002,0.33342,821.0,buy,91624884855202,1756673182473
1756673183.5583844,0.33381,105.0,buy,658815726917692,1756673183014
1756673183.5583844,0.33393,105.0,buy,864887512669043,1756673183014
1756673183.5583844,0.33396,93.0,buy,140480832164475,1756673183014
1756673188.269297,0.33378,359.0,buy,962853299634372,1756673186019
1756673188.814257,0.33303,37.0,sell,659040484348679,1756673188028
1756673189.8855903,0.33378,970.0,buy,40638556276404,1756673189397
1756673193.6088028,0.33354,105.0,sell,937256518874322,1756673193024
1756673194.615133,0.33411,390.0,buy,333727732659388,1756673194051
1756673199.6867876,0.33362,103.0,sell,1106834387571257,1756673199064
1756673199.6867876,0.33361,290.0,sell,582261516886021,1756673199064
1756673199.6867876,0.33441,83.0,buy,22590971262183,1756673199064
1756673202.7091043,0.33433,119.0,buy,970508224994398,1756673202142
1756673202.7091043,0.33369,220.0,sell,699604741854047,1756673202142
1756673204.2672684,0.33429,971.0,buy,313941851518412,1756673203695
1756673205.4568667,0.33427,2544.0,buy,94496580934743,1756673204852
1756673205.4568667,0.33428,33.0,buy,953074622418394,1756673204852
1756673210.5516078,0.33384,33.0,sell,208740529537874,1756673210012
1756673210.5516078,0.33384,64.0,sell,179484443724167,1756673210012
1756673211.5406566,0.33386,135.0,sell,873698310499883,1756673211016
1756673211.5406566,0.33386,37.0,sell,803809806681820,1756673211016
1756673212.59147,0.33388,90.0,sell,915392500731666,1756673212071
1756673212.59147,0.33437,304.0,buy,508331771739057,1756673212071
1756673213.89316,0.33347,132.0,sell,449288940967373,1756673213307
1756673216.7035983,0.33433,273.0,buy,620310491330224,1756673216045
1756673218.5723338,0.33357,37.0,sell,287260364816570,1756673218040
1756673222.7523925,0.33361,33.0,sell,666150985257591,1756673222079
1756673222.7523925,0.33361,71.0,sell,257940823113488,1756673222079
1756673224.5643003,0.33429,394.0,buy,662529920895358,1756673224060
1756673225.714118,0.33427,173.0,buy,1027133790416295,1756673225242
1756673225.714118,0.33428,777.0,buy,1034834972903968,1756673225242
1756673229.536531,0.33361,385.0,sell,564520131765673,1756673229029
1756673230.6268015,0.33421,33.0,buy,151414498386709,1756673230055
1756673230.6268015,0.33433,51.0,buy,46018427747026,1756673230055
1756673232.5207355,0.33417,44.0,buy,792964793676346,1756673232016
1756673232.5207355,0.33418,57.0,buy,268801331477719,1756673232016
1756673232.5207355,0.33363,188.0,sell,768337705520495,1756673232016
1756673238.6862526,0.33364,37.0,sell,858038210399786,1756673238084
1756673240.6327884,0.33364,7.0,sell,600892610006371,1756673240053
1756673240.6327884,0.33364,90.0,sell,226654680193066,1756673240053
1756673241.518905,0.33364,103.0,sell,973657423361535,1756673241003
1756673241.518905,0.33364,37.0,sell,261440893697903,1756673241003
1756673242.5821395,0.33364,91.0,sell,900963432029999,1756673242028
1756673243.6238654,0.33407,303.0,buy,848175390318695,1756673243085
1756673246.4962783,0.33403,330.0,buy,867532176668190,1756673246009
1756673248.6036358,0.33344,37.0,sell,480239594428052,1756673248063
1756673253.7469678,0.33344,104.0,sell,795179027810603,1756673253041
1756673253.7572305,0.33398,283.0,buy,1124338925062695,1756673253152
1756673253.7572305,0.33398,873.0,buy,157510122057957,1756673253152
1756673254.5823598,0.33397,154.0,buy,276757780270366,1756673254047
1756673254.5823598,0.33398,160.0,buy,353704783020776,1756673254047
1756673259.5373402,0.33357,296.0,sell,849711691636895,1756673259068
1756673259.5373402,0.33356,68.0,sell,792382624066461,1756673259068
1756673259.5373402,0.33406,83.0,buy,1036762999860836,1756673259068
1756673262.548663,0.33406,116.0,buy,912110516905774,1756673262024
1756673262.548663,0.33359,216.0,sell,869987475840374,1756673262024
1756673269.5657225,0.33359,39.0,sell,523155411201828,1756673269109
1756673270.5782971,0.33359,97.0,sell,644206000593284,1756673270106
1756673270.5782971,0.33359,146.0,sell,20995182160123,1756673270106
1756673271.5863597,0.33359,37.0,sell,1112532602342016,1756673271001
1756673272.5376368,0.33359,90.0,sell,925135193488578,1756673272014
1756673273.8300982,0.33416,303.0,buy,103870440703359,1756673273007
1756673276.430543,0.33412,365.0,buy,46716134794374,1756673276024
1756673278.6161263,0.33411,308.0,buy,664330496243296,1756673278033
1756673278.6161263,0.33371,37.0,sell,231893010648464,1756673278033
1756673283.696004,0.33344,104.0,sell,770285237756781,1756673283070
1756673284.7451158,0.334,111.0,buy,791858782091763,1756673284073
1756673284.7451158,0.334,344.0,buy,879363817225599,1756673284073
1756673286.115365,0.334,3027.0,buy,671033806464565,1756673285619
1756673286.8081737,0.3345,972.0,buy,757680708786266,1756673286363
1756673287.570955,0.3345,85.0,buy,1014599796156940,1756673287069
1756673289.5361388,0.33357,300.0,sell,784283333605755,1756673289010
1756673290.565952,0.33449,83.0,buy,1118488758329755,1756673290013
1756673291.1948109,0.33449,267.0,buy,723969211137345,1756673290707
1756673291.1948109,0.3345,783.0,buy,283041025512017,1756673290707
1756673292.5537772,0.3345,94.0,buy,800671887497961,1756673292011
1756673292.5537772,0.33363,174.0,sell,374596902170463,1756673292011
1756673292.8968387,0.3345,566.0,buy,543262899972212,1756673292337
1756673292.8968387,0.33499,194.0,buy,213528695618366,1756673292337
1756673292.8968387,0.335,5000.0,buy,795523069718194,1756673292337
1756673292.8968387,0.335,194.0,buy,587838291599170,1756673292337
1756673292.8968387,0.33503,194.0,buy,1025527410492668,1756673292337
1756673292.8968387,0.33505,194.0,buy,647801096713548,1756673292337
1756673292.8968387,0.33508,195.0,buy,32236930807620,1756673292337
1756673292.8968387,0.3351,195.0,buy,1125632224427224,1756673292337
1756673292.8968387,0.33511,5000.0,buy,150339693386718,1756673292337
1756673292.8968387,0.33513,209.0,buy,309582094880928,1756673292337
1756673292.8968387,0.33516,209.0,buy,643089857276214,1756673292337
1756673292.8968387,0.33519,209.0,buy,1005992183763576,1756673292337
1756673292.8968387,0.33522,209.0,buy,571873241665590,1756673292337
1756673292.8968387,0.33525,199.0,buy,1024451171794899,1756673292337
1756673292.8968387,0.33527,199.0,buy,868884426585985,1756673292337
1756673292.8968387,0.3353,199.0,buy,355461417939726,1756673292337
1756673292.8968387,0.33533,199.0,buy,347075823377038,1756673292337
1756673292.8968387,0.33534,197.0,buy,698526950995616,1756673292337
1756673292.8968387,0.33537,196.0,buy,119395898769935,1756673292337
1756673292.8968387,0.33539,195.0,buy,2706856898549,1756673292337
1756673292.8968387,0.33542,195.0,buy,427655229620182,1756673292337
1756673292.8968387,0.33544,195.0,buy,145789462729204,1756673292337
1756673292.8968387,0.33545,195.0,buy,285103070188923,1756673292337
1756673292.8968387,0.33548,195.0,buy,467657622282649,1756673292337
1756673292.8968387,0.33551,195.0,buy,1039860395684400,1756673292337
1756673292.8968387,0.33553,195.0,buy,678689449420019,1756673292337
1756673292.8968387,0.33555,4111.0,buy,847359569354361,1756673292337
1756673292.8968387,0.33556,195.0,buy,66911478520080,1756673292337
1756673292.8968387,0.33559,195.0,buy,937469334229812,1756673292337
1756673292.8968387,0.33562,195.0,buy,191489035682104,1756673292337
1756673292.8968387,0.33563,195.0,buy,730426315848784,1756673292337
1756673292.8968387,0.33567,195.0,buy,458998101505382,1756673292337
1756673292.8968387,0.3357,195.0,buy,946193014481896,1756673292337
1756673292.8968387,0.33572,195.0,buy,835887889035085,1756673292337
1756673292.8968387,0.33575,195.0,buy,223084013737164,1756673292337
1756673292.8968387,0.33576,195.0,buy,978870996791303,1756673292337
1756673292.8968387,0.33577,19696.0,buy,412822815258652,1756673292337
1756673292.8968387,0.33578,14468.0,buy,722079389453444,1756673292337
1756673292.8968387,0.33579,195.0,buy,457105139441491,1756673292337
1756673292.8968387,0.33582,195.0,buy,384637352586851,1756673292337
1756673292.8968387,0.33583,195.0,buy,609165460607937,1756673292337
1756673292.8968387,0.33586,195.0,buy,455430232470041,1756673292337
1756673292.8968387,0.33589,195.0,buy,221384691263190,1756673292337
1756673292.8968387,0.33589,1245.0,buy,486247782891757,1756673292337
1756673292.8968387,0.33592,195.0,buy,751203637267131,1756673292337
1756673292.8968387,0.33596,2170.0,buy,476687817523226,1756673292337
1756673292.8968387,0.33597,19696.0,buy,673091487104614,1756673292337
1756673292.8968387,0.336,1245.0,buy,41111820481378,1756673292337
1756673292.8968387,0.33602,15172.0,buy,319098136877737,1756673292337
1756673292.8968387,0.33611,5568.0,buy,29608096172618,1756673292337
1756673292.8968387,0.33616,8281.0,buy,139192385546663,1756673292337
1756673294.6483727,0.33428,101.0,sell,391924023547574,1756673294055
1756673298.9946268,0.33434,546.0,sell,379934464849621,1756673298323
1756673299.7433841,0.33435,36.0,sell,435934523990373,1756673299018
1756673300.6452649,0.33436,97.0,sell,147621095776805,1756673300085
1756673301.5553508,0.33439,131.0,sell,514309678541496,1756673301037
1756673301.5553508,0.33439,36.0,sell,939190543600063,1756673301037
1756673301.836369,0.33439,224.0,sell,209582070794986,1756673301308
1756673301.836369,0.33439,835.0,sell,575247390300646,1756673301308
1756673302.6174383,0.33441,90.0,sell,64337598640753,1756673302000
1756673303.5744202,0.33612,51.0,buy,553272932058389,1756673303019
1756673303.5744202,0.33645,194.0,buy,775446981403188,1756673303019
1756673303.5744202,0.33648,59.0,buy,918931467756372,1756673303019
1756673306.1894286,0.33615,1859.0,buy,622712230518757,1756673305646
1756673306.1894286,0.33616,4154.0,buy,59744655501681,1756673305646
1756673306.1894286,0.33616,170.0,buy,535909007819182,1756673305646
1756673306.1894286,0.33638,1227.0,buy,85459782335391,1756673305646
1756673306.1894286,0.33654,4474.0,buy,748439012700253,1756673305646
1756673306.1894286,0.33654,195.0,buy,547262407514494,1756673305646
1756673306.1894286,0.33657,195.0,buy,431100821821395,1756673305646
1756673306.1894286,0.33659,195.0,buy,560435721760208,1756673305646
1756673306.1894286,0.33662,195.0,buy,119965829327924,1756673305646
1756673306.1894286,0.33665,30227.0,buy,348631119590762,1756673305646
1756673306.1894286,0.33667,19696.0,buy,957266172320900,1756673305646
1756673306.1894286,0.33667,19696.0,buy,411865787505427,1756673305646
1756673306.1894286,0.33667,195.0,buy,701219804865800,1756673305646
1756673306.1894286,0.3367,195.0,buy,690164914949309,1756673305646
1756673306.1894286,0.33671,195.0,buy,683786989637656,1756673305646
1756673306.1894286,0.33674,726.0,buy,565962250834305,1756673305646
1756673306.1894286,0.33674,193.0,buy,1045570771088235,1756673305646
1756673306.1894286,0.33677,193.0,buy,908047830323809,1756673305646
1756673306.1894286,0.3368,193.0,buy,540283620528477,1756673305646
1756673306.1894286,0.33681,194.0,buy,296489269109713,1756673305646
1756673306.1894286,0.33682,15172.0,buy,426753165817926,1756673305646
1756673306.1894286,0.33684,194.0,buy,473204668979313,1756673305646
1756673306.1894286,0.33687,194.0,buy,609941237521987,1756673305646
1756673306.1894286,0.33688,4474.0,buy,958939801103144,1756673305646
1756673306.1894286,0.3369,194.0,buy,968149645722553,1756673305646
1756673306.1894286,0.33692,102825.0,buy,537660255755886,1756673305646
1756673306.59038,0.33664,195.0,buy,378436688445368,1756673306044
1756673306.59038,0.33692,59.0,buy,111862215927915,1756673306044
1756673308.6117918,0.33691,308.0,buy,135414951904985,1756673308065
1756673312.5847208,0.33514,105.0,sell,113937934581055,1756673312086
1756673314.6485486,0.33661,264.0,buy,220782040213750,1756673314046
1756673317.634962,0.33658,85.0,buy,118026820555862,1756673317069
1756673319.6073625,0.33526,345.0,sell,242839848354322,1756673319004
1756673320.545811,0.33655,83.0,buy,366120801164869,1756673320023
1756673322.5760126,0.33653,113.0,buy,526936466739966,1756673322016
1756673322.5760126,0.33532,210.0,sell,431194833589397,1756673322016
1756673328.6749024,0.33643,341.0,buy,374216039029809,1756673328082
1756673328.6749024,0.33652,30.0,buy,171046063063628,1756673328082
1756673328.6749024,0.33547,36.0,sell,527620112279308,1756673328082
1756673330.5950305,0.33551,97.0,sell,758282907302720,1756673330125
1756673330.5950305,0.33551,81.0,sell,410728911716505,1756673330125
1756673331.6357398,0.33553,36.0,sell,554250705281545,1756673331109
1756673331.6526227,0.33554,389.0,sell,703719345230497,1756673331191
1756673332.5835476,0.33556,91.0,sell,580212161123959,1756673332069
1756673332.5835476,0.33693,303.0,buy,306113982003770,1756673332069
1756673336.5137966,0.33682,343.0,buy,53654315657823,1756673336012
1756673337.1524997,0.33682,6677.0,buy,228316904250424,1756673336673
1756673337.6697335,0.33682,308.0,buy,816848016427703,1756673337103
1756673338.7177086,0.33681,36.0,sell,33368514134484,1756673338109
1756673342.9621768,0.33615,536.0,sell,144229418026519,1756673342481
1756673342.9621768,0.33615,3513.0,sell,681936885962015,1756673342481
1756673343.109803,0.33608,1607.0,sell,229594479265798,1756673342590
1756673343.109803,0.33605,4451.0,sell,454140524081410,1756673342590
1756673343.1725988,0.33525,2984.0,sell,151506663043632,1756673342652
1756673343.5334113,0.33526,1000.0,sell,1024909975685976,1756673342998
1756673343.6641285,0.33526,104.0,sell,234332283559545,1756673343085
1756673344.6586509,0.3351,451.0,buy,184371412981374,1756673344031
1756673344.7257953,0.33491,658.0,sell,599120594964680,1756673344212
1756673346.6491213,0.33496,85.0,buy,260207293202640,1756673346088
1756673346.7139492,0.33439,412.0,sell,271865588912907,1756673346142
1756673346.7139492,0.33439,553.0,sell,572899916732502,1756673346142
1756673346.955652,0.33439,2808.0,sell,129059354680953,1756673346497
1756673347.0279934,0.33439,7192.0,buy,611504598194408,1756673346547
1756673347.0279934,0.33492,2776.0,buy,198480319827647,1756673346547
1756673347.0279934,0.33492,412.0,buy,620083002305711,1756673346547
1756673347.0279934,0.33493,9962.0,buy,19758787511413,1756673346547
1756673349.672738,0.33443,85.0,sell,297219068633787,1756673349076
1756673349.672738,0.33438,400.0,sell,951993694629049,1756673349076
1756673349.672738,0.3349,84.0,buy,900425452734526,1756673349076
1756673352.1165097,0.33488,1152.0,buy,507923266779178,1756673351591
1756673352.1165097,0.33492,1866.0,buy,986079581590180,1756673351591
1756673352.525477,0.335,123.0,buy,272968560003434,1756673352030
1756673352.525477,0.33492,229.0,sell,282896619549323,1756673352030
1756673352.7412891,0.335,3457.0,buy,728315619099974,1756673352230
1756673353.5289395,0.335,48.0,buy,1077371445693491,1756673353042
1756673353.5289395,0.335,60.0,buy,237046159918557,1756673353042
1756673353.6084037,0.335,31.0,buy,796850958622902,1756673353163
1756673358.5585997,0.33493,575.0,buy,121245017406758,1756673358029
1756673358.592518,0.33493,2945.0,buy,378841351948208,1756673358086
1756673358.592518,0.335,1281.0,buy,756745904165660,1756673358086
1756673358.592518,0.33525,211.0,buy,820220426488180,1756673358086
1756673358.592518,0.33526,1864.0,buy,1035534496260695,1756673358086
1756673358.592518,0.33527,211.0,buy,85076657423176,1756673358086
1756673358.592518,0.3353,211.0,buy,801030553725136,1756673358086
1756673359.7943957,0.3353,36.0,sell,159550998785805,1756673359083
1756673359.7943957,0.33536,227.0,buy,481655235743514,1756673359083
1756673359.850365,0.3353,2410.0,sell,556553467404921,1756673359364
1756673360.2519913,0.33535,70.0,buy,1065332173756766,1756673359786
1756673360.2519913,0.33535,39.0,buy,506379733093706,1756673359786
1756673360.2519913,0.33535,34.0,buy,265662028437851,1756673359786
1756673360.2519913,0.33535,132.0,buy,93294349627792,1756673359786
1756673360.5730913,0.3353,97.0,sell,1008285678237513,1756673360030
1756673361.276445,0.3353,734.0,sell,623411600377876,1756673360786
1756673361.276445,0.33509,111.0,sell,454947477588828,1756673360786
1756673361.276445,0.33492,4155.0,sell,168550350262000,1756673360786
1756673361.276445,0.33534,39.0,buy,590948196011243,1756673360786
1756673361.4681075,0.33534,49.0,buy,924848488475414,1756673360990
1756673361.589237,0.33492,120.0,sell,212607116118662,1756673361047
1756673361.589237,0.33492,36.0,sell,277535862630112,1756673361047
1756673362.6012063,0.33492,90.0,sell,136791770532171,1756673362025
1756673362.779576,0.33531,80.0,buy,257511629525957,1756673362206
1756673363.028081,0.33531,82.0,buy,13894954632150,1756673362511
1756673363.1360726,0.33534,44.0,buy,218282505654503,1756673362608
1756673363.506758,0.33534,303.0,buy,600501206966414,1756673363008
1756673366.5592895,0.33493,346.0,buy,327214821421259,1756673366021
1756673366.9802973,0.33493,1008.0,buy,395142036634895,1756673366432
1756673368.6292,0.33493,308.0,buy,1055360605880009,1756673368036
1756673368.6292,0.33492,36.0,sell,478005187908839,1756673368036
1756673369.9627814,0.33493,2165.0,buy,845339344327761,1756673369236
1756673369.9627814,0.3356,1996.0,buy,477086518786449,1756673369236
1756673369.9627814,0.33575,4478.0,buy,261465536159484,1756673369236
1756673369.9627814,0.33585,211.0,buy,214118852692456,1756673369236
1756673369.9627814,0.33588,211.0,buy,470409595341755,1756673369236
1756673369.9627814,0.33591,211.0,buy,784226615141050,1756673369236
1756673369.9627814,0.33594,211.0,buy,4326126388514,1756673369236
1756673369.9627814,0.33597,211.0,buy,1121609732242534,1756673369236
1756673369.9627814,0.336,211.0,buy,515563089256691,1756673369236
1756673369.9627814,0.33601,211.0,buy,600937816985464,1756673369236
1756673369.9627814,0.33604,211.0,buy,524053672354217,1756673369236
1756673369.9627814,0.33607,211.0,buy,1111316814132629,1756673369236
1756673369.9627814,0.3361,211.0,buy,780401296081690,1756673369236
1756673369.9627814,0.33612,21024.0,buy,343145181875673,1756673369236
1756673369.9627814,0.33613,211.0,buy,80640667057798,1756673369236
1756673369.9627814,0.33616,25.0,buy,1105781598345732,1756673369236
1756673371.8588653,0.33496,2283.0,sell,215097820342683,1756673371301
1756673373.213025,0.335,2283.0,sell,918021168501201,1756673372731
1756673373.6253154,0.335,104.0,sell,226976364385741,1756673373066
1756673374.7914417,0.33614,261.0,buy,476973342275562,1756673374003
1756673375.8731952,0.33611,429.0,buy,664275867893523,1756673375377
1756673375.8731952,0.33612,3352.0,buy,983363480000034,1756673375377
1756673375.8731952,0.33613,1270.0,buy,419104524013551,1756673375377
1756673375.8731952,0.33619,4473.0,buy,615743766264254,1756673375377
1756673375.8731952,0.3362,1859.0,buy,176312450577002,1756673375377
1756673377.3430405,0.33627,187.0,sell,736057109800838,1756673376820
1756673377.3430405,0.33625,429.0,sell,88493713512294,1756673376820
1756673377.3430405,0.33624,3632.0,sell,497935384023615,1756673376820
1756673377.534075,0.33633,67.0,buy,227006821420104,1756673376956
1756673377.534075,0.33633,47.0,buy,780872143342369,1756673376956
1756673377.534075,0.33633,119.0,buy,836887642651057,1756673376956
1756673377.534075,0.33633,224.0,buy,912688314075580,1756673376956
1756673377.534075,0.33633,59.0,buy,31562394152198,1756673376956
1756673377.6345022,0.33633,85.0,buy,1109518728292233,1756673377022
1756673377.6345022,0.33633,47.0,buy,272061558058704,1756673377022
1756673378.6454551,0.33632,58.0,buy,1040907393720331,1756673378167
1756673378.7547245,0.33632,38.0,buy,550757501546962,1756673378289
1756673378.817444,0.33632,72.0,buy,717108675044753,1756673378368
1756673379.553565,0.33624,366.0,sell,68727417032715,1756673379036
1756673379.553565,0.33633,83.0,buy,780666318143580,1756673379036
1756673380.6693113,0.33634,1054.0,buy,646645940866908,1756673380181
1756673381.6326396,0.33624,5000.0,sell,491648444371702,1756673381187
1756673382.5381615,0.33625,91.0,buy,292120788733936,1756673382055
1756673382.5381615,0.33624,170.0,sell,646015987318228,1756673382055
1756673382.9258082,0.33625,86.0,buy,1012177002877933,1756673382386
1756673383.0446417,0.33625,53.0,buy,1025463409839564,1756673382588
1756673383.1939957,0.33625,99.0,buy,817006906027480,1756673382727
1756673383.1939957,0.33625,30.0,buy,1010718135283080,1756673382727
1756673386.334762,0.33624,5000.0,sell,180604050126534,1756673385875
1756673387.810541,0.33624,83.0,buy,922721708374546,1756673387271
1756673387.810541,0.33624,387.0,buy,1065988391146597,1756673387271
1756673387.9227583,0.33624,99.0,buy,50627948879349,1756673387411
1756673387.987737,0.33623,53.0,buy,968733597571261,1756673387472
1756673387.987737,0.33623,30.0,buy,256507484764500,1756673387472
1756673388.2076516,0.33553,324.0,sell,6564411129619,1756673387778
1756673388.2076516,0.33552,3349.0,sell,417468485922312,1756673387778
1756673388.6025577,0.3355,367.0,buy,522633170611791,1756673388050
1756673389.7005167,0.33518,36.0,sell,982252203782300,1756673389068
1756673390.5380101,0.33477,98.0,sell,147627976935972,1756673390044
1756673391.7139933,0.33486,67.0,sell,979114369678804,1756673391108
1756673391.7139933,0.33485,77.0,sell,613796382628381,1756673391108
1756673391.7139933,0.33485,36.0,sell,751483367006037,1756673391108
1756673392.5978556,0.33477,91.0,sell,83145096539999,1756673392007
1756673393.38949,0.33478,2866.0,sell,355263024304492,1756673392809
1756673393.38949,0.33536,1864.0,buy,1057929879094987,1756673392809
1756673393.38949,0.33549,308.0,buy,494679699580028,1756673392809
1756673393.38949,0.33562,214.0,buy,1024744987216907,1756673392809
1756673393.38949,0.33565,214.0,buy,577774615830669,1756673392809
1756673393.38949,0.33566,214.0,buy,72333132915231,1756673392809
1756673393.38949,0.33569,214.0,buy,67954448929105,1756673392809
1756673393.38949,0.33572,214.0,buy,432263679311298,1756673392809
1756673393.38949,0.33575,214.0,buy,252587780475860,1756673392809
1756673393.38949,0.33577,214.0,buy,164380677615464,1756673392809
1756673393.38949,0.3358,214.0,buy,779609349447124,1756673392809
1756673393.38949,0.33581,214.0,buy,389125391243452,1756673392809
1756673393.38949,0.33585,214.0,buy,226710748411576,1756673392809
1756673393.38949,0.33587,214.0,buy,1110210865903391,1756673392809
1756673393.38949,0.3359,214.0,buy,385342837287491,1756673392809
1756673393.38949,0.33593,10192.0,buy,431204537792088,1756673392809
1756673393.5133917,0.33593,303.0,buy,542322316384968,1756673393013
1756673394.5866723,0.33592,277.0,buy,971276635084808,1756673394086
1756673394.5866723,0.33592,73.0,buy,490016831106146,1756673394086
1756673394.5866723,0.33481,729.0,sell,705234244812107,1756673394086
1756673395.4914365,0.33483,3355.0,sell,499241648399033,1756673394994
1756673395.4914365,0.33482,277.0,sell,795448094372889,1756673394994
1756673395.4914365,0.33481,1996.0,sell,1055405404742140,1756673394994
1756673396.5897372,0.33479,308.0,buy,892244048379503,1756673396058
1756673397.1048968,0.33478,777.0,sell,469271978702315,1756673396602
1756673397.950506,0.3348,469.0,sell,765400650487645,1756673397497
1756673398.5128005,0.33549,308.0,buy,589718097444269,1756673398034
1756673398.5128005,0.33482,36.0,sell,243155757937927,1756673398034
1756673403.5574093,0.33493,104.0,sell,939257316687859,1756673403070
1756673404.5467958,0.3354,462.0,buy,435558596496872,1756673404071
1756673406.6005163,0.33536,85.0,buy,784555911318116,1756673406080
1756673406.7074723,0.33488,462.0,sell,291544223217760,1756673406194
1756673407.0669682,0.33477,1517.0,sell,969377614318572,1756673406510
1756673409.4527721,0.33477,24.0,sell,943620948638779,1756673409012
1756673409.4527721,0.33477,255.0,sell,316357241612479,1756673409012
1756673410.5964646,0.33478,83.0,buy,923489419389795,1756673410025
1756673412.5575378,0.33478,93.0,buy,858872628053353,1756673412001
1756673412.5575378,0.33477,172.0,sell,315212010392628,1756673412001
1756673418.4985387,0.33478,539.0,buy,1062556667948928,1756673418029
1756673419.6485217,0.33461,36.0,sell,420805399437618,1756673419111
1756673419.8173332,0.3348,136.0,sell,359912469192771,1756673419332
1756673420.5753005,0.33481,97.0,sell,816889511085271,1756673420010
1756673421.627236,0.33483,116.0,sell,714077498745628,1756673421026
1756673421.627236,0.33483,36.0,sell,685561610632169,1756673421026
1756673422.5438542,0.33486,90.0,sell,498341737932338,1756673422051
1756673423.5491679,0.3355,304.0,buy,38461327489738,1756673423070
1756673426.4542208,0.33544,292.0,buy,99556725672532,1756673426010
1756673426.6622562,0.33544,1368.0,buy,733497755485466,1756673426160
1756673426.6622562,0.33553,4481.0,buy,582322952999862,1756673426160
1756673426.6622562,0.33572,106.0,buy,14241423399096,1756673426160
1756673426.6622562,0.33595,4476.0,buy,435239235186579,1756673426160
1756673426.6622562,0.33634,4473.0,buy,929507990468549,1756673426160
1756673426.6622562,0.33635,214.0,buy,887601026612116,1756673426160
1756673426.6622562,0.33638,214.0,buy,863775213689541,1756673426160
1756673426.6622562,0.33641,214.0,buy,661976631943475,1756673426160
1756673426.6622562,0.33643,214.0,buy,600417046129953,1756673426160
1756673426.6622562,0.33646,214.0,buy,766564603820373,1756673426160
1756673426.6622562,0.33649,214.0,buy,284064280750255,1756673426160
1756673426.6622562,0.33652,214.0,buy,531052019643465,1756673426160
1756673426.6622562,0.33653,214.0,buy,308155047905021,1756673426160
1756673426.6622562,0.33656,214.0,buy,168017224899282,1756673426160
1756673426.6622562,0.33659,214.0,buy,33635595731097,1756673426160
1756673426.6622562,0.33662,214.0,buy,231098287161045,1756673426160
1756673426.6622562,0.33665,214.0,buy,340747337371796,1756673426160
1756673426.6622562,0.33668,4473.0,buy,689973365733296,1756673426160
1756673426.6622562,0.33668,214.0,buy,818881186438339,1756673426160
1756673426.6622562,0.33671,214.0,buy,774658505481064,1756673426160
1756673426.6622562,0.33674,214.0,buy,986617743195666,1756673426160
1756673426.6622562,0.33676,214.0,buy,693731032693169,1756673426160
1756673426.6622562,0.33679,213.0,buy,904451614879792,1756673426160
1756673426.6622562,0.33682,213.0,buy,475900968806711,1756673426160
1756673426.6622562,0.33685,213.0,buy,1122870965821978,1756673426160
1756673426.6622562,0.33688,213.0,buy,82074089878851,1756673426160
1756673426.6622562,0.33689,213.0,buy,1001353629338129,1756673426160
1756673426.6622562,0.33692,213.0,buy,236505255713754,1756673426160
1756673426.6622562,0.33695,213.0,buy,232723482396287,1756673426160
1756673426.6622562,0.33698,213.0,buy,80367441058359,1756673426160
1756673426.6622562,0.337,75.0,buy,1001048019769431,1756673426160
1756673426.6622562,0.33702,4473.0,buy,1028273647722936,1756673426160
1756673426.6622562,0.33702,21072.0,buy,848893924179816,1756673426160
1756673426.6622562,0.33705,213.0,buy,388459303886525,1756673426160
1756673426.6622562,0.33708,11999.0,buy,730460546192495,1756673426160
1756673426.6622562,0.33709,5081.0,buy,60367527180742,1756673426160
1756673426.6622562,0.3371,12026.0,buy,1088712276695119,1756673426160
1756673426.6622562,0.33713,1223.0,buy,842054116188811,1756673426160
1756673426.6622562,0.33714,213.0,buy,1038780661828932,1756673426160
1756673426.6622562,0.33724,522.0,buy,1123792589151146,1756673426160
1756673426.6622562,0.3373,500.0,buy,89860861559784,1756673426160
1756673426.6622562,0.33743,15172.0,buy,853965884402098,1756673426160
1756673426.6622562,0.3375,10990.0,buy,255329993152753,1756673426160
1756673426.6622562,0.33753,1847.0,buy,385659619615240,1756673426160
1756673427.3634095,0.33593,912.0,buy,766635114963858,1756673426817
1756673428.683073,0.33695,308.0,buy,202962043070143,1756673428043
1756673428.683073,0.3358,36.0,sell,889025090798609,1756673428043
1756673431.0809538,0.33585,5566.0,sell,462275441043958,1756673430596
1756673431.0809538,0.33585,528.0,sell,347282735737989,1756673430596
1756673431.0809538,0.33584,912.0,sell,742108903350424,1756673430596
1756673431.0809538,0.33571,107.0,sell,186397314161144,1756673430596
1756673431.0809538,0.3357,4459.0,sell,828933216725285,1756673430596
1756673431.0809538,0.33541,213.0,sell,1000108757467280,1756673430596
1756673431.0809538,0.33538,213.0,sell,1053979593597881,1756673430596
1756673431.0809538,0.33537,1864.0,sell,598482757941445,1756673430596
1756673431.0809538,0.33536,1070.0,sell,947885035519031,1756673430596
1756673432.4118385,0.33588,2990.0,sell,209285925046460,1756673431874
1756673432.4118385,0.33587,2010.0,sell,786186929489320,1756673431874
1756673433.6529431,0.33591,104.0,sell,961795771550117,1756673433068
1756673434.7909591,0.33727,260.0,buy,227752149973008,1756673434083
1756673437.541333,0.33724,85.0,buy,106076067541008,1756673437045
1756673439.4947448,0.33604,327.0,sell,999586555616979,1756673439001
1756673440.6281981,0.33727,83.0,buy,698307232111286,1756673440029
1756673442.6433997,0.33726,115.0,buy,1043800872804949,1756673442048
1756673442.6433997,0.33611,214.0,sell,19901005938434,1756673442048
1756673445.268369,0.33617,715.0,sell,1040017529589027,1756673444679
1756673445.268369,0.33616,1048.0,sell,373608310703580,1756673444679
1756673445.4461656,0.33616,950.0,sell,565397479891503,1756673444860
1756673448.516292,0.33752,394.0,buy,794942579727134,1756673448056
1756673449.6171398,0.33625,36.0,sell,353795910538345,1756673449168
1756673450.5472813,0.33627,97.0,sell,793365140605258,1756673450084
1756673451.608631,0.33629,98.0,sell,167946955560636,1756673451089
1756673451.608631,0.33629,36.0,sell,109660358512570,1756673451089
1756673452.5268426,0.33632,90.0,sell,86488000391422,1756673452104
1756673452.5268426,0.33745,303.0,buy,323563859007854,1756673452104
1756673454.263846,0.33743,782.0,buy,539212757320243,1756673453688
1756673454.263846,0.33744,1852.0,buy,630261538891743,1756673453688
1756673454.263846,0.33744,491.0,buy,282365769138546,1756673453688
1756673455.6889734,0.33744,1996.0,buy,736989048947663,1756673455027
1756673455.6889734,0.33781,1850.0,buy,66531661796272,1756673455027
1756673455.6889734,0.33782,11021.0,buy,315914513797354,1756673455027
1756673456.5536742,0.33783,378.0,buy,899745031264923,1756673456029
1756673458.6284657,0.33782,308.0,buy,678500151709871,1756673458048
1756673458.6284657,0.33642,36.0,sell,747752842728421,1756673458048
1756673460.0248566,0.33645,77.0,sell,143432734395532,1756673459573
1756673462.6134222,0.3365,734.0,sell,78952439813816,1756673462037
1756673462.6134222,0.33649,3145.0,sell,1028618250792856,1756673462037
1756673463.1898844,0.33711,371.0,buy,1004353638503652,1756673462659
1756673463.5733101,0.33652,105.0,sell,374384542261729,1756673463062
1756673464.6306555,0.3371,361.0,buy,14318278108763,1756673464043
1756673465.099051,0.33655,3340.0,sell,932548677390639,1756673464460
1756673465.099051,0.33654,657.0,sell,775747875409692,1756673464460
1756673466.1975262,0.3362,4843.0,sell,26754727565834,1756673465661
1756673466.1975262,0.3359,73.0,sell,67631865482244,1756673465661
1756673466.1975262,0.33587,1996.0,sell,125674760724858,1756673465661
1756673466.1975262,0.33585,4456.0,sell,12758969984028,1756673465661
1756673466.1975262,0.33562,214.0,sell,851101615902710,1756673465661
1756673466.1975262,0.33559,214.0,sell,68119128696578,1756673465661
1756673466.1975262,0.33556,214.0,sell,1086180013424214,1756673465661
1756673466.1975262,0.33553,214.0,sell,943518191776281,1756673465661
1756673466.1975262,0.3355,214.0,sell,201806586694346,1756673465661
1756673466.1975262,0.33547,214.0,sell,15433581595865,1756673465661
1756673466.1975262,0.33544,214.0,sell,176717097353980,1756673465661
1756673466.1975262,0.33543,4131.0,sell,54684158258437,1756673465661
1756673466.1975262,0.33541,214.0,sell,722921254068776,1756673465661
1756673466.1975262,0.33538,214.0,sell,1108989201160700,1756673465661
1756673466.1975262,0.33536,214.0,sell,158715122096807,1756673465661
1756673466.1975262,0.33533,214.0,sell,407005348986297,1756673465661
1756673466.1975262,0.3353,214.0,sell,64773210763094,1756673465661
1756673466.1975262,0.33529,4462.0,sell,198282055494875,1756673465661
1756673466.1975262,0.33527,214.0,sell,144186831048299,1756673465661
1756673466.1975262,0.33524,214.0,sell,647890676495318,1756673465661
1756673466.1975262,0.33521,214.0,sell,1102155257425599,1756673465661
1756673466.1975262,0.33518,214.0,sell,1115166809973745,1756673465661
1756673466.1975262,0.33515,214.0,sell,922689396029192,1756673465661
1756673466.1975262,0.33514,219.0,sell,237253777439374,1756673465661
1756673466.1975262,0.33511,220.0,sell,331134909529063,1756673465661
1756673466.1975262,0.33511,3993.0,sell,418777492151893,1756673465661
1756673466.1975262,0.33508,220.0,sell,423110350448740,1756673465661
1756673466.1975262,0.33505,220.0,sell,107520242142423,1756673465661
1756673466.1975262,0.33503,1256.0,sell,111071370729456,1756673465661
1756673466.1975262,0.33502,220.0,sell,453894467782426,1756673465661
1756673466.1975262,0.33499,220.0,sell,734763177994398,1756673465661
1756673466.1975262,0.33496,220.0,sell,162800719591348,1756673465661
1756673466.1975262,0.33493,1256.0,sell,884523246839382,1756673465661
1756673466.1975262,0.33493,220.0,sell,14125059372804,1756673465661
1756673466.1975262,0.3349,220.0,sell,911180418179506,1756673465661
1756673466.1975262,0.33489,4461.0,sell,453130176910093,1756673465661
1756673466.1975262,0.33487,220.0,sell,26138539573752,1756673465661
1756673466.1975262,0.33484,220.0,sell,901722038017076,1756673465661
1756673466.1975262,0.33467,2170.0,sell,455386484251621,1756673465661
1756673466.1975262,0.33455,4474.0,sell,220162738643463,1756673465661
1756673466.1975262,0.3345,5023.0,sell,815458955291011,1756673465661
1756673466.1975262,0.33439,2990.0,sell,1012217300055257,1756673465661
1756673466.1975262,0.33438,8005.0,sell,141090309810103,1756673465661
1756673467.5095136,0.33649,86.0,buy,985126873481763,1756673467017
1756673467.9540777,0.33589,1996.0,sell,648683846953540,1756673467474
1756673468.6948822,0.33589,144.0,buy,274205670081921,1756673468190
1756673469.4989274,0.33535,109.0,sell,700278631156745,1756673469027
1756673469.4989274,0.33522,109.0,sell,800508370416082,1756673469027
1756673469.4989274,0.335,219.0,sell,488562784206458,1756673469027
1756673469.4989274,0.33493,25.0,sell,417731698237004,1756673469027
1756673470.735508,0.33573,84.0,buy,1094051486637473,1756673470087
1756673472.6405199,0.33493,109.0,buy,569380982589506,1756673472129
1756673472.6405199,0.33481,202.0,sell,328533343768761,1756673472129
1756673472.740375,0.33493,302.0,buy,761708264784723,1756673472183
1756673472.740375,0.33494,615.0,buy,1094138238054560,1756673472183
1756673473.317233,0.33573,120.0,buy,562736172701476,1756673472783
1756673474.5174894,0.33483,33.0,sell,255757121095362,1756673474059
1756673474.5174894,0.33483,4071.0,sell,463364680500310,1756673474059
1756673474.5174894,0.33482,1867.0,sell,422560210029259,1756673474059
1756673476.362848,0.3348,1418.0,sell,859715398976693,1756673475828
1756673477.3002102,0.33483,33.0,buy,312056174366795,1756673476776
1756673477.3002102,0.33577,148.0,buy,775862050560428,1756673476776
1756673478.5153558,0.33616,489.0,buy,50650158537919,1756673478024
1756673479.5428243,0.33524,36.0,sell,529681583140917,1756673479056
1756673480.7881482,0.33524,97.0,sell,307697513167910,1756673480055
1756673481.5816343,0.33512,33.0,sell,145819534967875,1756673481067
1756673481.5816343,0.33511,106.0,sell,771913356722237,1756673481067
1756673481.5816343,0.33511,3.0,sell,682128884361181,1756673481067
1756673481.5816343,0.33498,33.0,sell,418263738259895,1756673481067
1756673482.5202332,0.33491,91.0,sell,741351518985756,1756673482004
1756673483.5102527,0.33588,33.0,buy,991542769520782,1756673483011
1756673483.5102527,0.33589,270.0,buy,404309094936635,1756673483011
1756673486.6501503,0.33581,251.0,buy,240985975772026,1756673486048
1756673488.5743992,0.33578,33.0,buy,760361376810971,1756673488019
1756673488.5743992,0.33578,275.0,buy,1095634787459546,1756673488019
1756673488.5743992,0.33496,33.0,sell,798339857110904,1756673488019
1756673488.5743992,0.33495,3.0,sell,438017857062298,1756673488019
1756673493.5941522,0.33523,104.0,sell,622228118118925,1756673493067
1756673494.515067,0.33569,477.0,buy,723493945997006,1756673494035
1756673495.1590254,0.33608,214.0,buy,262183338547251,1756673494712
1756673495.1590254,0.3361,642.0,buy,115623627329131,1756673494712
1756673497.553333,0.33606,85.0,buy,38217459303705,1756673497002
1756673497.7326243,0.33563,33.0,buy,373618960522346,1756673497273
1756673497.7326243,0.33624,162.0,buy,742380199675674,1756673497273
1756673499.5890496,0.33515,33.0,sell,432472869694866,1756673499015
1756673499.5890496,0.33511,107.0,sell,225217507015358,1756673499015
1756673499.5890496,0.33483,183.0,sell,1030896069440437,1756673499015
1756673500.5150807,0.33625,83.0,buy,394421237274653,1756673500020
1756673501.1027935,0.33592,2978.0,buy,461861255716059,1756673500552
1756673502.5806649,0.33591,125.0,buy,827100815299388,1756673502025
1756673502.5806649,0.33524,232.0,sell,123442906828587,1756673502025
1756673508.5826645,0.33537,362.0,buy,1017036073265035,1756673508084
1756673508.5826645,0.33513,36.0,sell,985176393848363,1756673508084
1756673510.5452762,0.33513,97.0,sell,188888680131703,1756673510015
1756673511.6978662,0.33513,28.0,sell,610180810301791,1756673511078
1756673511.6978662,0.33512,104.0,sell,877172532302625,1756673511078
1756673511.6978662,0.33512,2.0,sell,523819556192655,1756673511078
1756673511.6978662,0.33487,34.0,sell,484202963072312,1756673511078
1756673512.6642685,0.33487,90.0,sell,600333191910073,1756673512092
1756673512.6642685,0.33535,304.0,buy,529870384762036,1756673512092
1756673515.3361597,0.33533,36.0,buy,17747690613054,1756673514797
1756673515.3361597,0.33535,583.0,buy,83798462033116,1756673514797
1756673516.5705247,0.33535,390.0,buy,697235124871389,1756673516031
1756673518.6176257,0.33535,308.0,buy,949442541880167,1756673518026
1756673521.755615,0.33535,960.0,buy,427719382082693,1756673521286
1756673522.6092713,0.33502,104.0,sell,168625470686180,1756673522101
1756673523.2701356,0.33535,508.0,buy,306640811118279,1756673522708
1756673523.7854095,0.33535,177.0,buy,993600281120211,1756673523187
1756673523.7854095,0.33537,791.0,buy,539279620428260,1756673523187
1756673524.7338996,0.33537,253.0,buy,708994254179835,1756673524125
1756673525.9154449,0.33537,77.0,buy,1019858415222496,1756673525347
1756673526.2068684,0.33537,968.0,buy,352113119507671,1756673525527
1756673527.6685548,0.33537,85.0,buy,862781665620802,1756673527044
1756673529.5447557,0.33509,374.0,sell,442143317003196,1756673529057
1756673529.5447557,0.33537,83.0,buy,225655103659439,1756673529057
1756673532.7169752,0.33537,115.0,buy,1121108145126396,1756673532072
1756673532.7169752,0.335,214.0,sell,765903505994073,1756673532072
1756673533.6192772,0.33537,968.0,buy,40668049960889,1756673532901
1756673538.6375031,0.33537,571.0,buy,229196479159782,1756673538070
1756673539.6088781,0.33503,36.0,sell,119113926395163,1756673539001
1756673539.7422636,0.33537,410.0,buy,300940092075332,1756673539288
1756673540.2106738,0.33537,558.0,buy,756166929596088,1756673539800
1756673540.5108292,0.33504,97.0,sell,309717372141276,1756673540028
1756673541.4096327,0.33537,957.0,buy,143169213617363,1756673540750
1756673541.638222,0.335,96.0,sell,1063062228639629,1756673541099
1756673541.638222,0.335,36.0,sell,1122070971947885,1756673541099
1756673542.521554,0.335,90.0,sell,247789756075515,1756673542049
1756673543.555289,0.33537,303.0,buy,1069069154496144,1756673543036
1756673544.4893386,0.33537,30000.0,buy,75366166695699,1756673543950
1756673545.7319546,0.33537,480.0,buy,354029990890791,1756673545261
1756673545.9659758,0.33537,130.0,buy,1068344093391199,1756673545470
1756673546.0942986,0.33537,128.0,buy,158105419613764,1756673545600
1756673546.0942986,0.33537,40.0,buy,149401581728764,1756673545600
1756673546.0942986,0.33537,164.0,buy,695515769793845,1756673545600
1756673546.0942986,0.33537,48.0,buy,324044599995879,1756673545600
1756673546.0942986,0.33537,46.0,buy,747047620648518,1756673545600
1756673546.0942986,0.33537,36.0,buy,827126801063930,1756673545600
1756673546.0942986,0.33537,313.0,buy,109357939041191,1756673545600
1756673546.0942986,0.33537,47.0,buy,27129695257100,1756673545600
1756673546.0942986,0.33537,45.0,buy,955425551429359,1756673545600
1756673546.1323164,0.33537,590.0,buy,72806659659356,1756673545672
1756673546.1323164,0.33537,179.0,buy,996441373565132,1756673545672
1756673546.1323164,0.33537,34.0,buy,143919041501067,1756673545672
1756673546.1323164,0.33537,35.0,buy,886234406708882,1756673545672
1756673546.5739996,0.33537,270.0,buy,276226682213379,1756673546016
1756673548.38184,0.33537,2100.0,buy,474114488553964,1756673547899
1756673548.5362387,0.33537,308.0,buy,1071888935428006,1756673548029
1756673548.5362387,0.33502,36.0,sell,866849604269064,1756673548029
1756673549.7883105,0.33537,30000.0,buy,947037546595587,1756673549316
1756673551.4071226,0.33537,480.0,buy,909383383744673,1756673550734
1756673551.4071226,0.33537,34.0,buy,867046690587941,1756673550734
1756673551.4071226,0.33537,130.0,buy,759067946787380,1756673550734
1756673551.4071226,0.33537,48.0,buy,270568865504926,1756673550734
1756673551.4071226,0.33537,34.0,buy,799840466617271,1756673550734
1756673551.4071226,0.33537,590.0,buy,150315900610938,1756673550734
1756673551.4071226,0.33537,36.0,buy,1051327388738237,1756673550734
1756673551.4071226,0.33537,179.0,buy,528138886614229,1756673550734
1756673551.4071226,0.33537,47.0,buy,831495326822162,1756673550734
1756673551.4071226,0.33537,46.0,buy,64267690185676,1756673550734
1756673551.4071226,0.33537,164.0,buy,432303005004224,1756673550734
1756673551.4071226,0.33537,40.0,buy,748111110922109,1756673550734
1756673551.4071226,0.33537,128.0,buy,607006752928376,1756673550734
1756673551.4071226,0.33537,45.0,buy,961787313253695,1756673550734
1756673551.565271,0.33537,313.0,buy,563878997477167,1756673550936
1756673553.2093272,0.33537,30000.0,buy,144136145642588,1756673552755
1756673553.5387995,0.33503,104.0,sell,625783927028698,1756673553050
1756673554.4197505,0.33537,480.0,buy,254947235242742,1756673553918
1756673554.5181215,0.33537,412.0,buy,825390651584146,1756673554059
1756673554.5451891,0.33537,45.0,buy,1059594914989235,1756673554110
1756673554.5451891,0.33537,30.0,buy,509517530516550,1756673554110
1756673554.5451891,0.33537,590.0,buy,75271528843583,1756673554110
1756673554.5451891,0.33537,312.0,buy,440120946011273,1756673554110
1756673554.5451891,0.33537,130.0,buy,24826931294972,1756673554110
1756673554.5451891,0.33537,34.0,buy,230147686199729,1756673554110
1756673554.5451891,0.33537,128.0,buy,291698455646556,1756673554110
1756673554.625215,0.33537,33.0,buy,149867953805296,1756673554172
1756673554.625215,0.33537,47.0,buy,878455016328729,1756673554172
1756673554.625215,0.33537,48.0,buy,390835773543902,1756673554172
1756673554.625215,0.33537,36.0,buy,713683893681091,1756673554172
1756673554.625215,0.33537,179.0,buy,183346825161378,1756673554172
1756673554.625215,0.33537,164.0,buy,49735677442862,1756673554172
1756673554.625215,0.33537,46.0,buy,1065397081317163,1756673554172
1756673554.625215,0.33537,34.0,buy,415997973517822,1756673554172
1756673554.8069577,0.33537,40.0,buy,900435074071354,1756673554307
1756673555.2529042,0.33537,4200.0,buy,1019587975266968,1756673554780
1756673556.715839,0.33537,85.0,buy,907116494301682,1756673556073
1756673557.245205,0.33537,30000.0,buy,322036309950963,1756673556822
1756673558.39896,0.33537,480.0,buy,412215769381117,1756673557947
1756673558.6106281,0.33537,48.0,buy,786158973656602,1756673558084
1756673558.6106281,0.33537,34.0,buy,787859689691178,1756673558084
1756673558.6660426,0.33537,130.0,buy,742012832651632,1756673558155
1756673558.6660426,0.33537,590.0,buy,25940222278884,1756673558155
1756673558.6660426,0.33537,312.0,buy,468483227217781,1756673558155
1756673558.6660426,0.33537,30.0,buy,127032366010397,1756673558155
1756673558.6660426,0.33537,46.0,buy,653922693496042,1756673558155
1756673558.6660426,0.33537,33.0,buy,384454565224241,1756673558155
1756673558.7752252,0.33537,36.0,buy,837370363135634,1756673558283
1756673558.7752252,0.33537,45.0,buy,45427727714265,1756673558283
1756673558.7752252,0.33537,179.0,buy,227307408842754,1756673558283
1756673558.7752252,0.33537,128.0,buy,565840971266946,1756673558283
1756673558.7752252,0.33537,47.0,buy,450777645608152,1756673558283
1756673558.7752252,0.33537,164.0,buy,839982059487037,1756673558283
1756673558.7752252,0.33537,34.0,buy,274500243491938,1756673558283
1756673558.7752252,0.33537,40.0,buy,543743327743666,1756673558283
1756673559.5118723,0.33501,415.0,sell,1020417008867526,1756673559030
1756673559.5870707,0.33501,3661.0,sell,221143326322929,1756673559088
1756673559.5870707,0.335,4564.0,sell,977374620657113,1756673559088
1756673559.5870707,0.33492,102.0,sell,1048754391318728,1756673559088
1756673559.5870707,0.33465,207.0,sell,1112939424649389,1756673559088
1756673559.5870707,0.33463,1868.0,sell,420251455064766,1756673559088
1756673559.5870707,0.33462,208.0,sell,633972498857833,1756673559088
1756673559.5870707,0.33459,212.0,sell,953064205747545,1756673559088
1756673559.5870707,0.33456,212.0,sell,3676804849636,1756673559088
1756673559.5870707,0.33453,218.0,sell,251351833934829,1756673559088
1756673559.5870707,0.3345,219.0,sell,639262693067073,1756673559088
1756673559.5870707,0.33447,219.0,sell,724047240098486,1756673559088
1756673559.5870707,0.33445,1996.0,sell,726718227420977,1756673559088
1756673559.5870707,0.33444,219.0,sell,882762875251893,1756673559088
1756673559.5870707,0.33443,1237.0,sell,660514026990999,1756673559088
1756673559.5870707,0.33441,219.0,sell,1058789621392536,1756673559088
1756673559.5870707,0.33439,207.0,sell,185536445117877,1756673559088
1756673559.5870707,0.33439,2990.0,sell,44854901359966,1756673559088
1756673559.5870707,0.33438,12813.0,sell,977919942291641,1756673559088
1756673559.8172507,0.33537,30000.0,buy,1035372944259715,1756673559360
1756673560.589562,0.33536,83.0,buy,116059851594411,1756673560101
1756673561.0220714,0.33534,480.0,buy,985972827011550,1756673560555
1756673561.1173725,0.33533,390.0,buy,429848778336067,1756673560655
1756673561.1173725,0.33534,1516.0,buy,494765671090747,1756673560655
1756673561.1173725,0.33534,3359.0,buy,908232695436271,1756673560655
1756673561.1173725,0.33537,139.0,buy,1055507498689601,1756673560655
1756673561.1173725,0.33537,164.0,buy,82534176912715,1756673560655
1756673561.2836914,0.33537,34.0,buy,884524109907708,1756673560775
1756673561.2836914,0.33537,44.0,buy,923799040803992,1756673560775
1756673561.2836914,0.33537,130.0,buy,914059352418433,1756673560775
1756673561.2836914,0.33537,312.0,buy,514639702286577,1756673560775
1756673561.2836914,0.33537,30.0,buy,736368492967775,1756673560775
1756673561.2836914,0.33537,179.0,buy,388322893685855,1756673560775
1756673561.2836914,0.33537,36.0,buy,12701848420682,1756673560775
1756673561.2836914,0.33537,33.0,buy,367022936867693,1756673560775
1756673561.2836914,0.33537,47.0,buy,1046105756588296,1756673560775
1756673561.2836914,0.33537,46.0,buy,812621770307514,1756673560775
1756673561.2836914,0.33537,47.0,buy,18671401919180,1756673560775
1756673561.2836914,0.33537,34.0,buy,666301750063962,1756673560775
1756673561.2836914,0.33537,32.0,buy,1027559171613062,1756673560775
1756673561.502814,0.33537,590.0,buy,58587798918575,1756673560859
1756673561.6979759,0.33536,40.0,buy,785891765783934,1756673560937
1756673561.6979759,0.33536,128.0,buy,817455890122672,1756673560937
1756673562.5676868,0.33536,112.0,buy,408322983079041,1756673562036
1756673562.5676868,0.33445,209.0,sell,873335853136798,1756673562036
1756673562.5878973,0.33536,3079.0,buy,1032852248095545,1756673562111
1756673562.5878973,0.33537,1121.0,buy,904246174000611,1756673562111
1756673568.5447326,0.33536,448.0,buy,562558095614205,1756673568029
1756673569.5033991,0.33488,36.0,sell,871966073239933,1756673569040
1756673570.5429773,0.33488,98.0,sell,216569301833806,1756673570046
1756673571.641422,0.33488,111.0,sell,413259780656702,1756673571053
1756673571.641422,0.33488,36.0,sell,479010056020218,1756673571053
1756673572.7361338,0.33477,91.0,sell,127521194785216,1756673572060
1756673573.5458162,0.33531,303.0,buy,118151707801215,1756673573015
1756673576.2205215,0.33536,360.0,buy,714206319464956,1756673575822
1756673576.2205215,0.33536,531.0,buy,594140942407999,1756673575822
1756673576.6603603,0.33536,292.0,buy,53959213204810,1756673576048
1756673577.417137,0.33534,2197.0,buy,936481090230728,1756673576829
1756673577.417137,0.33535,209.0,buy,258437359170080,1756673576829
1756673577.417137,0.33537,27594.0,buy,136961325120721,1756673576829
1756673578.149231,0.33537,38820.0,buy,824539156153949,1756673577622
1756673578.149231,0.33537,7345.0,buy,358749756811075,1756673577622
1756673578.149231,0.33537,57841.0,buy,992417561073316,1756673577622
1756673578.581834,0.33537,308.0,buy,438746994005691,1756673578021
1756673578.581834,0.33531,36.0,sell,587289939294837,1756673578021
1756673578.6263397,0.33537,968.0,buy,1025363323607300,1756673578152
1756673578.6263397,0.33537,480.0,buy,955819729098809,1756673578152
1756673578.6263397,0.33537,4188.0,buy,55815356625076,1756673578152
1756673578.7595096,0.33537,590.0,buy,900052223109695,1756673578224
1756673578.7709432,0.33537,129.0,buy,907360141846968,1756673578288
1756673578.7709432,0.33537,30.0,buy,1084691488041172,1756673578288
1756673578.90971,0.33537,46.0,buy,308589816886696,1756673578410
1756673578.90971,0.33537,34.0,buy,879851788999597,1756673578410
1756673578.90971,0.33537,36.0,buy,535746570560191,1756673578410
1756673578.90971,0.33537,44.0,buy,359002725122695,1756673578410
1756673578.90971,0.33537,47.0,buy,132524397982233,1756673578410
1756673578.90971,0.33537,33.0,buy,698903841057816,1756673578410
1756673578.90971,0.33537,179.0,buy,908337006591477,1756673578410
1756673578.9571908,0.33537,40.0,buy,893071548936559,1756673578463
1756673578.9571908,0.33537,32.0,buy,127427934887669,1756673578463
1756673578.9571908,0.33537,33.0,buy,298902747780834,1756673578463
1756673578.9571908,0.33537,312.0,buy,19048469312086,1756673578463
1756673578.9571908,0.33537,163.0,buy,566899434459421,1756673578463
1756673578.9571908,0.33537,47.0,buy,1025913683410330,1756673578463
1756673578.9571908,0.33537,128.0,buy,828185467882646,1756673578463
1756673578.9571908,0.33537,32.0,buy,1084588177380805,1756673578463
1756673579.4303594,0.33537,77102.0,buy,709298786814801,1756673578871
1756673580.1130927,0.33537,5783.0,buy,50625600021091,1756673579633
1756673580.1130927,0.33537,3465.0,buy,551725955243889,1756673579633
1756673580.9367871,0.33537,30000.0,buy,569983700249774,1756673580378
1756673581.2714982,0.33537,12368.0,buy,75675961807629,1756673580647
1756673581.2714982,0.33537,967.0,buy,634181791876118,1756673580647
1756673581.6088538,0.33537,9191.0,buy,1073391924684756,1756673580982
1756673581.7404103,0.33537,4256.0,buy,433559081175922,1756673581166
1756673581.8312588,0.33537,1263.0,buy,644025049570199,1756673581251
1756673582.257737,0.33537,480.0,buy,461744384885763,1756673581772
1756673582.3549027,0.33537,47.0,buy,316561008998182,1756673581888
1756673582.3549027,0.33537,30.0,buy,37175302065759,1756673581888
1756673582.3549027,0.33537,163.0,buy,366791684941841,1756673581888
1756673582.3549027,0.33537,46.0,buy,497356246323193,1756673581888
1756673582.3549027,0.33537,34.0,buy,649287130512737,1756673581888
1756673582.3549027,0.33537,589.0,buy,287735447762147,1756673581888
1756673582.3549027,0.33537,36.0,buy,147441929255071,1756673581888
1756673582.3862665,0.33537,128.0,buy,665374181078766,1756673581992
1756673582.3862665,0.33537,33.0,buy,906969606429877,1756673581992
1756673582.3862665,0.33537,32.0,buy,322080673417054,1756673581992
1756673582.3862665,0.33537,39.0,buy,1112369818079529,1756673581992
1756673582.3862665,0.33537,32.0,buy,861337970566958,1756673581992
1756673582.6449351,0.33537,312.0,buy,987188749181994,1756673582064
1756673582.6449351,0.33537,179.0,buy,438521410191484,1756673582064
1756673582.6449351,0.33537,45.0,buy,870952536073206,1756673582064
1756673582.6449351,0.33537,44.0,buy,811417662490409,1756673582064
1756673582.6737761,0.33537,31.0,buy,898501239205542,1756673582199
1756673582.6737761,0.33537,129.0,buy,55637133974469,1756673582199
1756673582.6737761,0.33537,33.0,buy,735717043642597,1756673582199
1756673583.0240371,0.33537,967.0,buy,491071630032285,1756673582472
1756673583.6006277,0.33509,99.0,sell,827704240496753,1756673583070
1756673583.6006277,0.33502,6.0,sell,359279689871691,1756673583070
1756673583.6467428,0.33537,4200.0,buy,447662198104338,1756673583144
1756673584.5556629,0.33537,419.0,buy,213933783786119,1756673584035
1756673586.1884696,0.33537,30000.0,buy,328736284814229,1756673585654
1756673587.1912825,0.33532,2435.0,buy,196971844432279,1756673586603
1756673587.47617,0.33537,480.0,buy,287451320652665,1756673586916
1756673587.558335,0.33537,85.0,buy,234204033840057,1756673587030
1756673587.558335,0.33537,46.0,buy,319864145493925,1756673587030
1756673587.558335,0.33537,44.0,buy,3087304478232,1756673587030
1756673587.558335,0.33537,163.0,buy,512390328484203,1756673587030
1756673587.558335,0.33537,39.0,buy,6690813398678,1756673587030
1756673587.6986964,0.33531,34.0,buy,504972362095828,1756673587117
1756673587.6986964,0.33531,30.0,buy,319463811105490,1756673587117
1756673587.6986964,0.33531,32.0,buy,882638917132403,1756673587117
1756673587.6986964,0.33531,127.0,buy,247391713700763,1756673587117
1756673587.6986964,0.33531,47.0,buy,583458725667196,1756673587117
1756673587.6986964,0.33531,44.0,buy,1031223114396865,1756673587117
1756673587.6986964,0.33531,129.0,buy,920033427069228,1756673587117
1756673587.6986964,0.33531,45.0,buy,61079770933381,1756673587117
1756673587.6986964,0.33531,33.0,buy,671259773229562,1756673587117
1756673587.6986964,0.33531,35.0,buy,448824116514513,1756673587117
1756673587.6986964,0.33531,33.0,buy,924523734347359,1756673587117
1756673587.6986964,0.33531,31.0,buy,67314030948266,1756673587117
1756673587.6986964,0.33531,31.0,buy,478781498575346,1756673587117
1756673587.6986964,0.33531,589.0,buy,1072786036173851,1756673587117
1756673587.7044404,0.33527,312.0,buy,1050449013041965,1756673587250
1756673587.813808,0.33527,179.0,buy,131031109957358,1756673587320
1756673587.9724689,0.33527,969.0,buy,335282033515243,1756673587462
1756673589.5559707,0.33484,359.0,sell,808573627283816,1756673589028
1756673591.025269,0.33527,84.0,buy,238799696302175,1756673590101
1756673591.025269,0.33527,1446.0,buy,372635083705601,1756673590101
1756673591.025269,0.33537,654.0,buy,362464451358568,1756673590101
1756673592.58299,0.33537,79.0,buy,937582947139927,1756673592009
1756673592.58299,0.33476,146.0,sell,708937906446435,1756673592009
1756673596.970911,0.33533,1490.0,buy,359829228998740,1756673596431
1756673596.970911,0.33537,510.0,buy,856731787644915,1756673596431
1756673597.544894,0.33536,967.0,buy,764795158530128,1756673597114
1756673598.3119717,0.33536,32.0,buy,679864990858516,1756673597889
1756673598.3119717,0.33536,40.0,buy,82498628525242,1756673597889
1756673598.5493002,0.33536,326.0,buy,4688414182945,1756673598041
1756673599.5798402,0.33489,36.0,sell,876214800182878,1756673599070
1756673600.4744952,0.33489,97.0,sell,785947043361258,1756673600000
1756673601.5026426,0.33489,110.0,sell,1068777285615920,1756673601006
1756673601.5026426,0.33489,36.0,sell,442968874724601,1756673601006
1756673602.5005744,0.33489,38.0,sell,495787632048142,1756673602012
1756673602.5005744,0.33489,52.0,sell,407741306464863,1756673602012
1756673603.486785,0.33536,304.0,buy,508307908371992,1756673603018
1756673603.6247795,0.33491,342.0,sell,677618600569875,1756673603161
1756673604.4756842,0.33536,249.0,buy,471912744096040,1756673603972
1756673604.4756842,0.33537,718.0,buy,956491329164665,1756673603972
1756673605.075074,0.33537,140.0,buy,1098073485878001,1756673604624
1756673606.5456882,0.33537,378.0,buy,473306499539592,1756673606027
1756673608.551834,0.33537,308.0,buy,1102278428100732,1756673608041
1756673608.551834,0.33512,36.0,sell,839067213621875,1756673608041
1756673608.6350248,0.33512,87.0,sell,897551333010287,1756673608228
1756673613.4919384,0.33512,104.0,sell,334602807797332,1756673613001
1756673614.4795282,0.33537,271.0,buy,73355596537352,1756673614010
1756673616.6705375,0.33512,5210.0,sell,668837954099383,1756673616164
1756673617.6740716,0.33537,85.0,buy,224318051589678,1756673617068
1756673617.862335,0.33512,7108.0,sell,796647212594245,1756673617341
1756673618.801653,0.33512,4753.0,sell,971831004802700,1756673618271
1756673618.801653,0.33512,3373.0,sell,774402407913985,1756673618271
1756673619.3576748,0.33512,3983.0,sell,533197727396713,1756673618746
1756673619.6536705,0.33512,305.0,sell,825954168363158,1756673619091
1756673619.6536705,0.33531,83.0,buy,232612650561252,1756673619091
1756673620.0226955,0.33512,12753.0,sell,986130355314216,1756673619495
1756673620.1120493,0.33512,3120.0,sell,503375195881152,1756673619579
1756673620.5455446,0.33512,6194.0,sell,12229248538364,1756673619992
1756673622.7203696,0.33537,134.0,buy,616939569742196,1756673622114
1756673622.7203696,0.33512,250.0,sell,320893429209736,1756673622114
1756673622.7203696,0.33512,3474.0,sell,441864146891440,1756673622114
1756673622.7203696,0.33512,4400.0,sell,1027086647948886,1756673622114
1756673623.3831596,0.33512,3182.0,sell,408740766744847,1756673622902
1756673624.399596,0.33537,619.0,buy,1061799225580782,1756673623911
1756673625.5556872,0.33537,70.0,buy,62920001025833,1756673625120
1756673628.7420938,0.33537,543.0,buy,537519880180106,1756673628101
1756673628.7420938,0.33512,36.0,sell,478994121898395,1756673628101
1756673630.5515108,0.33512,97.0,sell,893812743701061,1756673630042
1756673631.5398474,0.33512,117.0,sell,914531968859868,1756673631005
1756673631.5398474,0.33512,36.0,sell,53209614366156,1756673631005
1756673632.5578802,0.33512,90.0,sell,745825911344987,1756673632045
1756673633.5438318,0.33537,303.0,buy,1125122700840122,1756673633003
1756673634.27211,0.33537,1124.0,buy,753726746618612,1756673633808
1756673636.5015483,0.33537,292.0,buy,663873861173145,1756673636019
1756673638.6180556,0.33537,308.0,buy,529483388531388,1756673638019
1756673638.6180556,0.33512,36.0,sell,902778057479103,1756673638019
1756673642.4662766,0.33512,44.0,sell,969316167239497,1756673641957
1756673643.586855,0.33512,104.0,sell,766876720490665,1756673643031
1756673644.5762677,0.33537,383.0,buy,878096583215845,1756673644056
1756673647.4996293,0.33537,86.0,buy,10989758200505,1756673647021
1756673648.214178,0.33512,3672.0,sell,1090125782156407,1756673647762
1756673648.214178,0.33512,3202.0,sell,515288971125849,1756673647762
1756673649.5629318,0.33512,341.0,sell,588811792897559,1756673649044
1756673649.5629318,0.33537,83.0,buy,144740376429295,1756673649044
1756673651.6911757,0.33512,3385.0,sell,575939013704822,1756673651039
1756673651.6911757,0.33512,7857.0,sell,947605748984552,1756673651170
1756673652.796083,0.33537,76.0,buy,656006966478839,1756673652004
1756673652.796083,0.33512,140.0,sell,192544716774023,1756673652004
1756673653.381946,0.33537,47.0,buy,1081876901360595,1756673652856
1756673658.322652,0.33536,2385.0,buy,16472414672900,1756673657841
1756673658.5750673,0.33536,367.0,buy,1102903132983554,1756673658042
1756673659.4985008,0.33512,36.0,sell,922036985602386,1756673659053
1756673660.5580862,0.33512,97.0,sell,607147438007295,1756673660047
1756673661.5674493,0.33512,148.0,sell,121689373943914,1756673661030
1756673661.5674493,0.33512,36.0,sell,419246056021934,1756673661030
1756673662.6182761,0.33512,91.0,sell,543144431806183,1756673662015
1756673663.5455203,0.33537,303.0,buy,268484145718733,1756673663026
1756673666.6177046,0.33537,356.0,buy,537049550998281,1756673666031
1756673668.6652129,0.33537,308.0,buy,1002957816143713,1756673668047
1756673668.6652129,0.33512,36.0,sell,312387778704057,1756673668047
1756673670.7429595,0.33537,358.0,buy,639200487001404,1756673670262
1756673673.6692464,0.33512,104.0,sell,314254044060512,1756673673106
1756673674.6828346,0.33537,387.0,buy,135433424474240,1756673674103
1756673677.7339747,0.33537,85.0,buy,414088797981787,1756673677049
1756673679.5153174,0.33512,407.0,sell,220540958639125,1756673679015
1756673680.5016139,0.33537,83.0,buy,832821739287214,1756673680008
1756673681.1298625,0.33537,1035.0,buy,21293051143789,1756673680672
1756673682.7954438,0.33537,130.0,buy,161092554410016,1756673682025
1756673682.7954438,0.33524,242.0,sell,819265276408281,1756673682025
1756673686.5842679,0.33524,4758.0,sell,919770548298625,1756673686128
1756673688.5254877,0.33537,485.0,buy,989619714617341,1756673688009
1756673689.6320353,0.33524,36.0,sell,757811723031342,1756673689050
1756673690.6220198,0.33524,97.0,sell,373536242681258,1756673690058
1756673691.6887727,0.33524,99.0,sell,687301065605790,1756673691094
1756673691.6887727,0.33524,36.0,sell,779894059110865,1756673691094
1756673692.5321715,0.33524,90.0,sell,1098471389090301,1756673692044
1756673693.6014059,0.33537,304.0,buy,1017226385512623,1756673693040
1756673693.7233186,0.33537,446.0,buy,1103506022953563,1756673693224
1756673696.2359746,0.33537,447.0,buy,684887448710122,1756673695634
1756673696.6360419,0.33537,251.0,buy,273558035847193,1756673696050
1756673698.6461291,0.33537,308.0,buy,620613864605520,1756673698074
1756673698.6461291,0.33524,36.0,sell,601754181700219,1756673698074
1756673701.678053,0.33524,669.0,sell,725111821702345,1756673701180
1756673701.678053,0.33524,1736.0,sell,232704253160096,1756673701180
1756673701.678053,0.33512,6012.0,sell,813841554859240,1756673701180
1756673701.678053,0.33512,9100.0,sell,191289659820991,1756673701180
1756673701.678053,0.33512,4847.0,sell,151849470246991,1756673701180
1756673703.28271,0.33524,11259.0,sell,589526423886,1756673702794
1756673703.5974896,0.33512,104.0,sell,76324112472330,1756673703051
1756673704.5466323,0.33531,48.0,buy,36415432810478,1756673704059
1756673704.5466323,0.33537,298.0,buy,230160265698666,1756673704059
1756673704.9643388,0.33512,167.0,sell,208290393181324,1756673704524
1756673707.5882413,0.33537,85.0,buy,1086241742316254,1756673707011
1756673709.6390743,0.33512,323.0,sell,13682942260643,1756673709003
1756673710.5612621,0.33537,84.0,buy,629464103587607,1756673710019
1756673712.5056303,0.33537,116.0,buy,661217996367252,1756673712033
1756673712.5056303,0.33512,216.0,sell,580640067594599,1756673712033
1756673718.606261,0.33537,548.0,buy,156674182374565,1756673718070
1756673719.4948385,0.33512,36.0,sell,958688468021885,1756673719020
1756673720.515712,0.33512,97.0,sell,899765458771054,1756673720025
1756673721.517369,0.33512,139.0,sell,670228813959994,1756673721031
1756673721.517369,0.33512,36.0,sell,704194095168191,1756673721031
1756673722.5149715,0.33512,91.0,sell,778459440385589,1756673722043
1756673723.5457487,0.33537,303.0,buy,81818348178624,1756673723039
1756673726.6432476,0.33537,330.0,buy,350231203808654,1756673726014
1756673728.5980585,0.33537,309.0,buy,919345013236867,1756673728041
1756673728.5980585,0.33512,36.0,sell,334360413529653,1756673728041
1756673729.6361263,0.33513,78.0,sell,1090078505839319,1756673729124
1756673731.1690905,0.33537,3147.0,buy,771984771856131,1756673730671
1756673731.2093093,0.33537,6818.0,buy,1058216471278830,1756673730725
1756673731.2880063,0.33537,12760.0,buy,777023129580757,1756673730777
1756673733.5859132,0.33513,105.0,sell,357425077801881,1756673733028
1756673734.5130014,0.33537,430.0,buy,771204922585740,1756673734038
1756673737.629948,0.33537,85.0,buy,324248518608085,1756673737070
1756673739.564649,0.33512,404.0,sell,587499100641811,1756673739053
1756673739.564649,0.33537,83.0,buy,524567963990735,1756673739053
1756673741.1610043,0.33537,6818.0,buy,221860117702302,1756673740668
1756673741.1610043,0.33537,12760.0,buy,280018444696739,1756673740668
1756673741.1610043,0.33537,6992.0,buy,302552613969484,1756673740668
1756673741.633416,0.33537,891.0,buy,82909925685438,1756673741154
1756673742.2190866,0.33537,51736.0,buy,729774632898421,1756673741747
1756673742.2190866,0.33537,3160.0,buy,978299074405508,1756673741747
1756673742.4187622,0.33537,3092.0,buy,725080161042362,1756673741950
1756673742.5090635,0.33537,99.0,buy,129482617341513,1756673742025
1756673742.5090635,0.33516,185.0,sell,677494452618491,1756673742025
1756673743.3043437,0.33537,37129.0,buy,616432643230879,1756673742761
1756673743.853312,0.33537,355.0,buy,682607398463110,1756673743359
1756673748.5215685,0.33537,412.0,buy,719246758562548,1756673748021
1756673748.6111588,0.33537,30.0,buy,906185031145806,1756673748150
1756673749.5880518,0.33519,36.0,sell,227283494537324,1756673749024
1756673749.84106,0.33519,1232.0,sell,295744508562486,1756673749288
1756673749.84106,0.33519,4155.0,sell,570675368528697,1756673749288
1756673749.84106,0.33506,90.0,sell,628209776202476,1756673749288
1756673749.84106,0.33481,1867.0,sell,834333070122935,1756673749288
1756673749.84106,0.3348,12026.0,sell,102858308929286,1756673749288
1756673749.84106,0.33479,180.0,sell,401792432128119,1756673749288
1756673749.84106,0.33476,186.0,sell,1013844258797114,1756673749288
1756673749.84106,0.33473,186.0,sell,561693139379899,1756673749288
1756673749.84106,0.3347,186.0,sell,263423854426674,1756673749288
1756673749.84106,0.33468,186.0,sell,594850021057176,1756673749288
1756673749.84106,0.33465,186.0,sell,536239684065721,1756673749288
1756673749.84106,0.33462,186.0,sell,19124078181339,1756673749288
1756673749.84106,0.33459,186.0,sell,810822003567163,1756673749288
1756673749.84106,0.33456,186.0,sell,270486827714762,1756673749288
1756673749.84106,0.33454,186.0,sell,725196634931347,1756673749288
1756673749.84106,0.33451,198.0,sell,195575656952088,1756673749288
1756673749.84106,0.33448,198.0,sell,870079725398654,1756673749288
1756673749.84106,0.33447,180.0,sell,816242774389044,1756673749288
1756673749.84106,0.33445,1267.0,sell,106325769234816,1756673749288
1756673749.84106,0.33444,198.0,sell,4031536774258,1756673749288
1756673749.84106,0.33441,200.0,sell,129009647960096,1756673749288
1756673749.84106,0.33441,4476.0,sell,834153838347252,1756673749288
1756673749.84106,0.33439,11999.0,sell,949684785106606,1756673749288
1756673749.84106,0.33438,7655.0,sell,394221281646883,1756673749288
1756673749.84106,0.33438,200.0,sell,557076534102354,1756673749288
1756673749.84106,0.33435,200.0,sell,384252312391717,1756673749288
1756673749.84106,0.33432,200.0,sell,917876657081615,1756673749288
1756673749.84106,0.33429,200.0,sell,392483632639653,1756673749288
1756673749.84106,0.33426,200.0,sell,296627349612471,1756673749288
1756673749.84106,0.33423,200.0,sell,139613668853403,1756673749288
1756673749.84106,0.3342,200.0,sell,896825148468653,1756673749288
1756673749.84106,0.3342,5530.0,sell,410291641943653,1756673749288
1756673749.84106,0.33417,200.0,sell,41963701590005,1756673749288
1756673749.84106,0.33414,200.0,sell,1034458451602339,1756673749288
1756673749.84106,0.33409,219.0,sell,704789788531200,1756673749288
1756673749.84106,0.33407,180.0,sell,833060707246877,1756673749288
1756673749.84106,0.33404,219.0,sell,1103413123677035,1756673749288
1756673749.84106,0.33404,4479.0,sell,514874978349633,1756673749288
1756673749.84106,0.33404,4999.0,sell,451664609061637,1756673749288
1756673749.84106,0.33402,11068.0,sell,208369258828353,1756673749288
1756673749.84106,0.33402,380.0,sell,584399177502804,1756673749288
1756673749.84106,0.33402,12156.0,sell,918568729922020,1756673749288
1756673749.84106,0.33402,5568.0,sell,601280478778150,1756673749288
1756673749.84106,0.33402,5859.0,sell,273085245299830,1756673749288
1756673750.5657966,0.33461,98.0,sell,199262474509735,1756673750064
1756673751.5074043,0.33464,93.0,sell,50113714608249,1756673751010
1756673751.5074043,0.33464,36.0,sell,247767171559275,1756673751010
1756673752.560121,0.33464,90.0,sell,343287489447540,1756673752020
1756673753.561391,0.3353,303.0,buy,811974770555353,1756673753013
1756673756.6033607,0.33526,311.0,buy,527735385592197,1756673756012
1756673757.2270453,0.33524,418.0,buy,722728222057593,1756673756754
1756673758.5842123,0.33523,127.0,buy,629371896581727,1756673758071
1756673758.5842123,0.33523,181.0,buy,210607837447730,1756673758071
1756673758.5996974,0.33523,981.0,buy,992146607359001,1756673758133
1756673759.7437055,0.33476,878.0,sell,372304808557955,1756673759180
1756673762.6302598,0.33479,104.0,sell,967132826918681,1756673762096
1756673764.6358495,0.33523,278.0,buy,1124264119107363,1756673764055
1756673766.6509001,0.33523,85.0,buy,985109780697579,1756673766078
1756673768.756996,0.33523,967.0,buy,660263963370228,1756673768246
1756673769.5211356,0.3345,400.0,sell,614206207422502,1756673769062
1756673769.5211356,0.33523,83.0,buy,743036292729081,1756673769062
1756673772.527702,0.33516,81.0,buy,994587153227554,1756673772000
1756673772.527702,0.33455,150.0,sell,317163486112086,1756673772000
1756673772.939309,0.33515,2500.0,buy,373779545990658,1756673772454
1756673777.6797647,0.33536,55.0,buy,1022934174794229,1756673777230
1756673777.6797647,0.33536,504.0,buy,175915621010930,1756673777230
1756673778.6887946,0.33536,507.0,buy,129264847952124,1756673778033
1756673779.0471923,0.33536,106.0,buy,962111749072688,1756673778524
1756673779.6193626,0.33466,36.0,sell,1012905975570253,1756673779042
1756673780.6475527,0.3347,97.0,sell,62973931667179,1756673780047
1756673781.602523,0.33472,152.0,sell,793245366499737,1756673781038
1756673781.602523,0.33472,36.0,sell,202325187999945,1756673781038
1756673782.5959828,0.33475,90.0,sell,795356346146249,1756673782054
1756673783.5958018,0.33519,304.0,buy,344203693647908,1756673783027
1756673786.6589658,0.33519,284.0,buy,606745873955014,1756673786060
1756673786.6589658,0.33532,59.0,buy,1024443885545685,1756673786060
1756673788.7607877,0.33536,308.0,buy,260975170676928,1756673788077
1756673788.7607877,0.33485,36.0,sell,855135269477331,1756673788077
1756673793.9063134,0.3349,104.0,sell,852062750296334,1756673793086
1756673794.577789,0.33537,355.0,buy,672598558204728,1756673794053
1756673797.5485494,0.33537,85.0,buy,1083437831490490,1756673797066
1756673799.22859,0.33537,933.0,buy,355270439327029,1756673798705
1756673799.6011195,0.33498,425.0,sell,677957921673487,1756673799038
1756673799.6011195,0.33537,83.0,buy,407264453728433,1756673799038
1756673801.0194073,0.33537,4200.0,buy,916452902801721,1756673800463
1756673802.5979724,0.33537,113.0,buy,856978814213608,1756673802085
1756673802.5979724,0.33502,43.0,sell,155440583226061,1756673802085
1756673802.5979724,0.33501,167.0,sell,511940535398266,1756673802085
1756673802.8003979,0.33537,4154.0,buy,1087365706727904,1756673802295
1756673802.8003979,0.33537,965.0,buy,927669164599836,1756673802295
1756673804.6007888,0.33537,382.0,buy,1106201919189156,1756673804116
1756673805.026862,0.33537,584.0,buy,341550251781599,1756673804585
1756673806.5995347,0.33537,966.0,buy,1055187103521822,1756673806140
1756673808.508994,0.33536,321.0,buy,133758284104998,1756673808044
1756673809.58357,0.3351,36.0,sell,657353493973353,1756673809076
1756673810.588038,0.3351,97.0,sell,1065050721970250,1756673810004
1756673811.5767322,0.3351,112.0,sell,900858421218864,1756673811033
1756673811.5767322,0.3351,36.0,sell,444113790112529,1756673811033
1756673812.1721773,0.33537,9431.0,buy,770550154430274,1756673811696
1756673812.5113595,0.3351,91.0,sell,353671524832449,1756673812042
1756673813.4514382,0.33537,303.0,buy,1107314203330300,1756673813001
1756673816.533266,0.33537,327.0,buy,780413784787387,1756673816063
1756673818.6103911,0.33537,308.0,buy,856017167247418,1756673818029
1756673818.6103911,0.33516,36.0,sell,44533057853399,1756673818029
1756673818.6511595,0.33537,33.0,buy,348805601870330,1756673818160
1756673822.6994572,0.33484,104.0,sell,975785581093580,1756673822078
1756673824.5830686,0.33534,361.0,buy,297781356548697,1756673824013
1756673826.6097193,0.33536,86.0,buy,176063274671561,1756673826082
1756673827.010299,0.33537,4214.0,buy,306977333058511,1756673826439
1756673829.7632596,0.33492,231.0,sell,861492202026285,1756673829081
1756673829.7632596,0.33537,84.0,buy,261540720380592,1756673829081
1756673832.7757065,0.33537,102.0,buy,795996026567194,1756673832120
1756673832.7757065,0.33495,190.0,sell,916846786699099,1756673832120
1756673835.5603838,0.33537,966.0,buy,246597011651835,1756673835054
1756673835.6271484,0.33537,8951.0,buy,154341594283601,1756673835106
1756673835.649304,0.33537,4658.0,buy,933379792970585,1756673835171
1756673835.8407662,0.33537,4104.0,buy,261520551837883,1756673835331
1756673837.204633,0.33537,3095.0,buy,353580263155834,1756673836734
1756673837.4531434,0.33537,2998.0,buy,730178160799880,1756673836937
1756673837.7265716,0.33537,355.0,buy,964912590825138,1756673837286
1756673837.8699565,0.33537,3087.0,buy,82624873860519,1756673837405
1756673838.2115803,0.33537,7020.0,buy,488685924634931,1756673837752
1756673838.492325,0.33537,467.0,buy,418260674218951,1756673838007
1756673839.5149024,0.33502,36.0,sell,356007030282098,1756673839035
1756673840.5169897,0.33503,97.0,sell,86397838809777,1756673840021
1756673841.5275617,0.33504,110.0,sell,914237854187967,1756673841026
1756673841.5275617,0.33504,36.0,sell,975034080005068,1756673841026
1756673842.5592282,0.33505,90.0,sell,489921162128016,1756673842033
1756673843.0697854,0.33537,967.0,buy,516455978759615,1756673842620
1756673843.5157497,0.33537,303.0,buy,251455362981191,1756673843029
1756673843.6784883,0.33537,3075.0,buy,1118058422612703,1756673843230
1756673843.8833516,0.33537,3584.0,buy,591928662641699,1756673843434
1756673845.7838733,0.33537,965.0,buy,608630197817546,1756673845306
1756673846.5517943,0.33537,289.0,buy,336384819646181,1756673846054
1756673847.6224842,0.33537,965.0,buy,615430582066574,1756673847114
1756673848.5264745,0.33537,308.0,buy,802722368858461,1756673848066
1756673848.5264745,0.33513,36.0,sell,694958183934144,1756673848066
1756673848.9874957,0.33513,78.0,sell,1042757775119664,1756673848521
1756673853.6458998,0.33532,105.0,sell,43039646270641,1756673853024
1756673853.7827437,0.33537,7875.0,buy,1111853840926394,1756673853279
1756673853.7827437,0.33537,4166.0,buy,446216775741625,1756673853279
1756673853.7827437,0.33537,719.0,buy,723323613480942,1756673853279
1756673853.7827437,0.33537,1228.0,buy,1074475048505067,1756673853279
1756673853.7827437,0.33537,711.0,buy,420638668337980,1756673853279
1756673853.7827437,0.33537,255.0,buy,60668502551046,1756673853279
1756673853.7827437,0.33537,5762.0,buy,204813215674887,1756673853279
1756673853.8909895,0.33537,762.0,buy,676440761462515,1756673853372
1756673854.5494556,0.33537,4234.0,buy,700200307606104,1756673853864
1756673854.5695486,0.33537,5075.0,buy,765426527159442,1756673853966
1756673854.5695486,0.33537,1269.0,buy,696153479175602,1756673853966
1756673854.5909564,0.33537,350.0,buy,506952471305894,1756673854010
1756673855.027285,0.33537,1280.0,buy,789040794661369,1756673854552
1756673856.63115,0.33537,85.0,buy,50933431912293,1756673856084
1756673856.8119802,0.33537,3420.0,buy,603388363553046,1756673856287
1756673857.0147932,0.33537,3005.0,buy,808709535106464,1756673856488
1756673857.521459,0.33533,36.0,sell,611995890055860,1756673857008
1756673858.0647776,0.33537,6494.0,buy,652243996232195,1756673857570
1756673858.1563296,0.33537,3044.0,buy,258493495251974,1756673857628
1756673858.6696417,0.33537,4141.0,buy,374048851535376,1756673858172
1756673858.6696417,0.33537,1171.0,buy,1047346127959658,1756673858172
1756673859.548894,0.33535,408.0,sell,358525439638117,1756673859012
1756673860.6960204,0.33537,83.0,buy,249746721347428,1756673860120
1756673861.9169433,0.33537,954.0,buy,207393615210015,1756673861424
1756673862.5868456,0.33537,136.0,buy,607999901248422,1756673862026
1756673862.5868456,0.33525,252.0,sell,381508803495591,1756673862026
1756673864.725283,0.33537,965.0,buy,695939940081581,1756673864235
1756673865.9052196,0.33537,965.0,buy,596288018718463,1756673865443
1756673868.5249174,0.33537,489.0,buy,904700446796763,1756673868055
1756673868.9989212,0.33537,965.0,buy,969469556006209,1756673868459
1756673869.6832993,0.33502,36.0,sell,114286406159205,1756673869145
1756673870.5557957,0.33503,97.0,sell,659883417650957,1756673870075
1756673870.8568952,0.33537,312.0,buy,689977395833515,1756673870393
1756673871.6214504,0.33503,93.0,sell,937413044738411,1756673871004
1756673871.6214504,0.33503,36.0,sell,776793019661559,1756673871004
1756673872.558111,0.33503,90.0,sell,996932332265284,1756673872064
1756673872.558111,0.33537,304.0,buy,810990020736847,1756673872064
1756673872.9815218,0.33537,965.0,buy,64919721737247,1756673872530
1756673876.5372038,0.33537,337.0,buy,784646044689352,1756673876020
1756673877.2266958,0.33537,965.0,buy,745600257736365,1756673876762
1756673878.5597034,0.33537,308.0,buy,850569874948207,1756673878041
1756673878.5597034,0.33532,36.0,sell,177508402307473,1756673878041
1756673878.5847313,0.33537,4202.0,buy,770814462008166,1756673878116
1756673878.6669416,0.33537,913.0,buy,7267098957302,1756673878206
1756673878.880748,0.33537,1266.0,buy,821425717627869,1756673878410
1756673879.7345781,0.33537,4484.0,buy,1031129539275735,1756673879213
1756673879.7345781,0.33537,3431.0,buy,227618058061857,1756673879213
1756673879.7345781,0.33537,3082.0,buy,841457135594871,1756673879213
1756673879.8296497,0.33537,4121.0,buy,888026620462611,1756673879343
1756673879.9500892,0.33537,1272.0,buy,172534834763504,1756673879455
1756673880.8903947,0.33537,964.0,buy,272531359584441,1756673880349
1756673880.8903947,0.33537,2982.0,buy,780113680336419,1756673880349
1756673881.2095416,0.33537,3035.0,buy,667626931005665,1756673880648
1756673881.2095416,0.33537,1269.0,buy,464340401014644,1756673880648
1756673882.9845493,0.33537,963.0,buy,157365611702062,1756673882544
1756673883.5658388,0.33532,104.0,sell,639721949050355,1756673883079
1756673885.0472834,0.33537,760.0,buy,309527822529444,1756673884560
1756673885.5810986,0.33537,398.0,buy,580001622576144,1756673885060
1756673885.834515,0.33537,964.0,buy,910884642915764,1756673885292
1756673886.5655456,0.33537,85.0,buy,499390602843724,1756673886080
1756673889.6307595,0.33532,348.0,sell,216339690048879,1756673889007
1756673890.573648,0.33537,83.0,buy,1076534294031616,1756673890065
1756673892.7528389,0.33537,86.0,buy,732335272088593,1756673892086
1756673892.7528389,0.33532,160.0,sell,215797449581951,1756673892086
1756673898.5033202,0.33537,457.0,buy,594706150348617,1756673898016
1756673899.7901464,0.33519,36.0,sell,13125069100085,1756673899031
1756673900.5180008,0.33519,97.0,sell,342241462239686,1756673900036
1756673900.9579537,0.33537,964.0,buy,869036228737545,1756673900494
1756673901.4443989,0.33519,624.0,sell,268512154530194,1756673900963
1756673901.4443989,0.33502,4077.0,sell,614660909964562,1756673900963
1756673901.5845654,0.33502,124.0,sell,299493165581541,1756673901049
1756673901.5845654,0.33502,36.0,sell,623091256477698,1756673901049
1756673902.5407739,0.33502,91.0,sell,630662738531286,1756673902011
1756673903.5466776,0.33537,303.0,buy,1014026446733328,1756673903072
1756673906.5730512,0.33537,304.0,buy,406717050752174,1756673906016
1756673908.5377963,0.33537,308.0,buy,668987314419770,1756673908025
1756673908.5377963,0.33502,36.0,sell,397189582617632,1756673908025
1756673912.4475381,0.33537,965.0,buy,193391492940902,1756673911931
1756673912.5594277,0.33503,104.0,sell,987839261578239,1756673912076
1756673914.553099,0.33537,411.0,buy,1104665991015910,1756673914034
1756673916.7131717,0.33537,85.0,buy,640335057441281,1756673916077
1756673919.6626127,0.33505,341.0,sell,6158903207206,1756673919040
1756673919.6626127,0.33537,83.0,buy,147885821228119,1756673919040
